customer_id,segment,ring_id,is_reseller,is_loyal_bulk
CUST-4deb40fa68,normal,,0,0
CUST-099c57d981,normal,,0,0
CUST-05c3934589,normal,,0,0
CUST-12df178f29,normal,,0,0
CUST-c560817e0a,normal,,0,0
CUST-25ff78cddb,normal,,0,0
CUST-38402b789a,normal,,0,0
CUST-deb859a5db,normal,,0,0
CUST-2cb42d0d97,normal,,0,0
CUST-bf182c21bb,normal,,0,0
CUST-ad149cbc3f,normal,,0,0
CUST-6aeda7d611,normal,,0,0
CUST-26c9fb7647,normal,,0,0
CUST-42ba0a1f49,normal,,0,0
CUST-e65145f732,normal,,0,0
CUST-ae6850d57f,normal,,0,0
CUST-1dc6481dd0,normal,,0,0
CUST-a33bd458b0,normal,,0,0
CUST-2fddb037ac,normal,,0,0
CUST-0a3d8fd790,normal,,0,0
CUST-a2fd95a002,normal,,0,0
CUST-6e2da0ce7c,normal,,0,0
CUST-23a0e0ec1a,normal,,0,0
CUST-9ff5dd88da,normal,,0,0
CUST-fb71b6dca6,normal,,0,0
CUST-16ee9f6a3a,normal,,0,0
CUST-053cc7432c,normal,,0,0
CUST-e83c6b31c2,normal,,0,0
CUST-5ad7683ca3,normal,,0,0
CUST-996cf112aa,normal,,0,0
CUST-d7183f9ee9,normal,,0,0
CUST-1986d49cef,normal,,0,0
CUST-25f4e83a50,normal,,0,0
CUST-739eb5c54b,normal,,0,0
CUST-fee44b0be2,normal,,0,0
CUST-42d54c35c9,normal,,0,0
CUST-505c274a05,normal,,0,0
CUST-1707b43288,normal,,0,0
CUST-14df152fb5,normal,,0,0
CUST-eb9b1810c5,normal,,0,0
CUST-e9c39fbf13,normal,,0,0
CUST-2a0a66fd10,normal,,0,0
CUST-56fea7fd4c,normal,,0,0
CUST-2f89b2f6ac,normal,,0,0
CUST-7ecac6daad,normal,,0,0
CUST-d5802921c0,normal,,0,0
CUST-b2bad4501a,normal,,0,0
CUST-15722455a6,normal,,0,0
CUST-9c37a45544,normal,,0,0
CUST-6f304d037a,normal,,0,0
CUST-fc6bd4d5e9,normal,,0,0
CUST-3c61ddeda1,normal,,0,0
CUST-7c7c3a844a,normal,,0,0
CUST-8203fa58d0,normal,,0,0
CUST-31facaa98e,normal,,0,0
CUST-be48942b9b,normal,,0,0
CUST-f248b2540e,normal,,0,0
CUST-f22aa223b3,normal,,0,0
CUST-ccfe7192b6,normal,,0,0
CUST-78f7a59434,normal,,0,0
CUST-d0d91ba1f7,normal,,0,0
CUST-36b95307a8,normal,,0,0
CUST-6dc5f74b97,normal,,0,0
CUST-297effe310,normal,,0,0
CUST-530ddf10c7,normal,,0,0
CUST-84fb9ec6c4,normal,,0,0
CUST-1348a10108,normal,,0,0
CUST-fe5c8d73db,normal,,0,0
CUST-2a6f75c253,normal,,0,0
CUST-67ae40ae64,normal,,0,0
CUST-fd58b1feed,normal,,0,0
CUST-5f8c134964,normal,,0,0
CUST-88d781c505,normal,,0,0
CUST-dc5b7e8920,normal,,0,0
CUST-cb484134ab,normal,,0,0
CUST-3ef85921c4,normal,,0,0
CUST-eccda7b220,normal,,0,0
CUST-e0f9a0e7f0,normal,,0,0
CUST-1931b2d9c0,normal,,0,0
CUST-5e41d66a04,normal,,0,0
CUST-9cc10f4acf,normal,,0,0
CUST-e226bd0e71,normal,,0,0
CUST-b358591abc,normal,,0,0
CUST-c2f6aa97c8,normal,,0,0
CUST-95dbc3265d,normal,,0,0
CUST-940b5e25e5,normal,,0,0
CUST-1d2b796e08,normal,,0,0
CUST-7fdbaa0146,normal,,0,0
CUST-d24a254b19,normal,,0,0
CUST-464f517996,normal,,0,0
CUST-647be2b172,normal,,0,0
CUST-acb5511333,normal,,0,0
CUST-58ef7d4e3b,normal,,0,0
CUST-7a9c3db49b,normal,,0,0
CUST-f78f893d44,normal,,0,0
CUST-36a8b9774f,normal,,0,0
CUST-252ce750ec,normal,,0,0
CUST-134ced4c44,normal,,0,0
CUST-e51657bc47,normal,,0,0
CUST-3d99dab5ad,normal,,0,0
CUST-50846890fc,normal,,0,0
CUST-3d34c69a4c,normal,,0,0
CUST-d01c19f926,normal,,0,0
CUST-f92a82ba88,normal,,0,0
CUST-a1cdfabd1b,normal,,0,0
CUST-4c001ab7e1,normal,,0,0
CUST-9b23d82777,normal,,0,0
CUST-1e1787fcf3,normal,,0,0
CUST-80702a7641,normal,,0,0
CUST-3a5020f549,normal,,0,0
CUST-e2c4c10b36,normal,,0,0
CUST-37b682b2b3,normal,,0,0
CUST-1cae21a7c3,normal,,0,0
CUST-a5f95f44c4,normal,,0,0
CUST-a7023b8b9d,normal,,0,0
CUST-c967993e80,normal,,0,0
CUST-d257824a95,normal,,0,0
CUST-f8ff4896f4,normal,,0,0
CUST-5ece65bc6b,normal,,0,0
CUST-2909b18854,normal,,0,0
CUST-d503e72e2b,normal,,0,0
CUST-7544e9638d,normal,,0,0
CUST-78f2ae92d2,normal,,0,0
CUST-4800b16744,normal,,0,0
CUST-f433569cd3,normal,,0,0
CUST-a1aeb42f8c,normal,,0,0
CUST-d4d8443db4,normal,,0,0
CUST-0ab62a8ae7,normal,,0,0
CUST-d2c8424295,normal,,0,0
CUST-033f3122b2,normal,,0,0
CUST-c6dcb2a3b0,normal,,0,0
CUST-b237fa30b8,normal,,0,0
CUST-a944dda01c,normal,,0,0
CUST-ae9309f3c8,normal,,0,0
CUST-7bc9259b91,normal,,0,0
CUST-5cc7783c48,normal,,0,0
CUST-043b3d9a7d,normal,,0,0
CUST-0fee6aff72,normal,,0,0
CUST-95a0b13964,normal,,0,0
CUST-a7fa87bb7e,normal,,0,0
CUST-c45e1de24a,normal,,0,0
CUST-b78b32ff69,normal,,0,0
CUST-09ccf78597,normal,,0,0
CUST-ad9c0b6784,normal,,0,0
CUST-dd92f993be,normal,,0,0
CUST-1407b9901b,normal,,0,0
CUST-6da4b0b9ec,normal,,0,0
CUST-170b2c118d,normal,,0,0
CUST-315c5c28fd,normal,,0,0
CUST-aa47100e1e,normal,,0,0
CUST-7b490ae492,normal,,0,0
CUST-c0442fe7b1,normal,,0,0
CUST-3aea079724,normal,,0,0
CUST-20c2313d50,normal,,0,0
CUST-6566d40cf8,normal,,0,0
CUST-cb767bb86e,normal,,0,0
CUST-9fb0e5a774,normal,,0,0
CUST-7af985df8c,normal,,0,0
CUST-dbab5c2bda,normal,,0,0
CUST-8f2cefcf64,normal,,0,0
CUST-6d04ef0865,normal,,0,0
CUST-c816cffa9f,normal,,0,0
CUST-c3b17f888b,normal,,0,0
CUST-a01465fd5d,normal,,0,0
CUST-1d2c1a8756,normal,,0,0
CUST-baa46dfd58,normal,,0,0
CUST-d02b611686,normal,,0,0
CUST-ce41ac0415,normal,,0,0
CUST-3585137891,normal,,0,0
CUST-bd486f19bb,normal,,0,0
CUST-2c10799410,normal,,0,0
CUST-db06f76442,normal,,0,0
CUST-76ee2916af,normal,,0,0
CUST-1a4f6222ec,normal,,0,0
CUST-b6759ddf78,normal,,0,0
CUST-24ce1cbd57,normal,,0,0
CUST-a3d26951cd,normal,,0,0
CUST-fa0302b596,normal,,0,0
CUST-d7f262f027,normal,,0,0
CUST-8d75c10b8c,normal,,0,0
CUST-162e48377c,normal,,0,0
CUST-0d0979e3f1,normal,,0,0
CUST-d732ca2498,normal,,0,0
CUST-01d1d85133,normal,,0,0
CUST-0a6225de2b,normal,,0,0
CUST-3955981b0b,normal,,0,0
CUST-b9a7c0a4f2,normal,,0,0
CUST-d9bd162611,normal,,0,0
CUST-a09bc79e27,normal,,0,0
CUST-0a1e398f47,normal,,0,0
CUST-f5baaa3c62,normal,,0,0
CUST-a283e47025,normal,,0,0
CUST-6ea322bf71,normal,,0,0
CUST-571aae6a50,normal,,0,0
CUST-a617949bbc,normal,,0,0
CUST-967984e33f,normal,,0,0
CUST-d00d81d7ef,normal,,0,0
CUST-55d2391917,normal,,0,0
CUST-dc5b941b2a,normal,,0,0
CUST-394c7ec0ec,normal,,0,0
CUST-431ee3c939,normal,,0,0
CUST-85eab5e885,normal,,0,0
CUST-ff776de940,normal,,0,0
CUST-43c529db63,normal,,0,0
CUST-d93db64ce6,normal,,0,0
CUST-d58cf95564,normal,,0,0
CUST-e2a6471036,normal,,0,0
CUST-a220751a03,normal,,0,0
CUST-e4e36a53b4,normal,,0,0
CUST-8c3350bcbb,normal,,0,0
CUST-d4ec134f15,normal,,0,0
CUST-37f43ebf58,normal,,0,0
CUST-33ccfe48f3,normal,,0,0
CUST-6785b9d674,normal,,0,0
CUST-d393839a29,normal,,0,0
CUST-63b9ba779f,normal,,0,0
CUST-cdb5306ee5,normal,,0,0
CUST-10ea0643de,normal,,0,0
CUST-41af290867,normal,,0,0
CUST-a3a261a83b,normal,,0,0
CUST-6ded3135b9,normal,,0,0
CUST-d3bf905229,normal,,0,0
CUST-58cbd94179,normal,,0,0
CUST-f3e95eed38,normal,,0,0
CUST-8175aa0750,normal,,0,0
CUST-b21fc44d91,normal,,0,0
CUST-3251dd4e8d,normal,,0,0
CUST-752946179d,normal,,0,0
CUST-ba104970ba,normal,,0,0
CUST-67f62ff1ce,normal,,0,0
CUST-1c58e7786b,normal,,0,0
CUST-c421d16c89,normal,,0,0
CUST-9f2bfa27b5,normal,,0,0
CUST-cc5b37f38d,normal,,0,0
CUST-c46602e567,normal,,0,0
CUST-6891d999d0,normal,,0,0
CUST-e94340523a,normal,,0,0
CUST-3fdd1317d8,normal,,0,0
CUST-6b6a59fc64,normal,,0,0
CUST-556ba3d879,normal,,0,0
CUST-32272ced67,normal,,0,0
CUST-31697d7099,normal,,0,0
CUST-70226da700,normal,,0,0
CUST-d9298c2a62,normal,,0,0
CUST-bd3da4304a,normal,,0,0
CUST-1ebab8bb0c,normal,,0,0
CUST-f61750fcdc,normal,,0,0
CUST-f2b6d726f7,normal,,0,0
CUST-f026bd568b,normal,,0,0
CUST-a1f43f42b1,normal,,0,0
CUST-15dbdc19a4,normal,,0,0
CUST-3b29bb4ae4,normal,,0,0
CUST-d6b13f58d1,normal,,0,0
CUST-cb23fdc410,normal,,0,0
CUST-555635ff22,normal,,0,0
CUST-f8efeaea48,normal,,0,0
CUST-50ea6dbc83,normal,,0,0
CUST-9d28e61a9e,normal,,0,0
CUST-103dbce1f1,normal,,0,0
CUST-3b8b9ab353,normal,,0,0
CUST-66528e9018,normal,,0,0
CUST-4f7d758530,normal,,0,0
CUST-057b672d22,normal,,0,0
CUST-36e2cfa0e4,normal,,0,0
CUST-db52220f1d,normal,,0,0
CUST-6219ee8373,normal,,0,0
CUST-40e6d0758f,normal,,0,0
CUST-b56dd982ba,normal,,0,0
CUST-415e5dc814,normal,,0,0
CUST-db8b573c4a,normal,,0,0
CUST-51ab577f3f,normal,,0,0
CUST-0e24094141,normal,,0,0
CUST-6105ea52e9,normal,,0,0
CUST-a4a38076ae,normal,,0,0
CUST-e3456272d5,normal,,0,0
CUST-be04ae46b9,normal,,0,0
CUST-a208193b2f,normal,,0,0
CUST-8393ce053e,normal,,0,0
CUST-58fd3865e3,normal,,0,0
CUST-d7a69a61f4,normal,,0,0
CUST-cc59d4c171,normal,,0,0
CUST-07053377ae,normal,,0,0
CUST-c114d27e10,normal,,0,0
CUST-6cdca3f71a,normal,,0,0
CUST-602a648f0f,normal,,0,0
CUST-a17fbc352a,normal,,0,0
CUST-b392e030ac,normal,,0,0
CUST-bfc24140a7,normal,,0,0
CUST-be28669c41,normal,,0,0
CUST-b3cb13b753,normal,,0,0
CUST-9271522d99,normal,,0,0
CUST-35b8b95393,normal,,0,0
CUST-f686537d52,normal,,0,0
CUST-064d1b4c1e,normal,,0,0
CUST-09c883b603,normal,,0,0
CUST-5bb54dda7a,normal,,0,0
CUST-7efe28dcb7,normal,,0,0
CUST-696ba2165c,normal,,0,0
CUST-64f789a552,normal,,0,0
CUST-08cd28f92e,normal,,0,0
CUST-5d6fc3cd23,normal,,0,0
CUST-4c1075755c,normal,,0,0
CUST-13bfde0851,normal,,0,0
CUST-e77a967bef,normal,,0,0
CUST-8b01365cb9,normal,,0,0
CUST-b246ffd741,normal,,0,0
CUST-6c48879a6c,normal,,0,0
CUST-14677bfe34,normal,,0,0
CUST-30d820ad93,normal,,0,0
CUST-8ef519e14c,normal,,0,0
CUST-160ba23417,normal,,0,0
CUST-e3c4d2c1c6,normal,,0,0
CUST-2a49897116,normal,,0,0
CUST-0af393b245,normal,,0,0
CUST-293f223f44,normal,,0,0
CUST-035b529ad6,normal,,0,0
CUST-f7eae2670f,normal,,0,0
CUST-eb4f181f2f,normal,,0,0
CUST-de7042294d,normal,,0,0
CUST-9d1263dd11,normal,,0,0
CUST-f55d5a0767,normal,,0,0
CUST-15cde6f6d7,normal,,0,0
CUST-44b1461f92,normal,,0,0
CUST-dd88a56011,normal,,0,0
CUST-a5d535c150,normal,,0,0
CUST-1fed534d91,normal,,0,0
CUST-c670cdab47,normal,,0,0
CUST-676a46d912,normal,,0,0
CUST-ee7a674503,normal,,0,0
CUST-fe60c5a40a,normal,,0,0
CUST-99f41462b4,normal,,0,0
CUST-a1ee329d3d,normal,,0,0
CUST-d81867e7ec,normal,,0,0
CUST-8460c0db89,normal,,0,0
CUST-2880b9d1cd,normal,,0,0
CUST-d48befe654,normal,,0,0
CUST-bbace3d233,normal,,0,0
CUST-f5e626cb16,normal,,0,0
CUST-73f5bf80cd,normal,,0,0
CUST-b693b9063d,normal,,0,0
CUST-2b402e7ef4,normal,,0,0
CUST-1b3e0f2d81,normal,,0,0
CUST-53fa500dd6,normal,,0,0
CUST-e65a9ad6ab,normal,,0,0
CUST-871eefc534,normal,,0,0
CUST-d034ac709c,normal,,0,0
CUST-50b25ccb15,normal,,0,0
CUST-e4eac9c3c5,normal,,0,0
CUST-3010fad976,normal,,0,0
CUST-2418f5f37e,normal,,0,0
CUST-d9f1fcb5be,normal,,0,0
CUST-af0f71c545,normal,,0,0
CUST-47b0dc42db,normal,,0,0
CUST-f763590c5b,normal,,0,0
CUST-3f7f62a69e,normal,,0,0
CUST-d40d2e872d,normal,,0,0
CUST-049c5a089f,normal,,0,0
CUST-ce4cdf9478,normal,,0,0
CUST-9cb81824c1,normal,,0,0
CUST-99622ccf55,normal,,0,0
CUST-22a2a51ed7,normal,,0,0
CUST-f24150a836,normal,,0,0
CUST-3700dab2c2,normal,,0,0
CUST-0c434c7ce1,normal,,0,0
CUST-af82a8a795,normal,,0,0
CUST-708d614a88,normal,,0,0
CUST-e73f86602b,normal,,0,0
CUST-af69091753,normal,,0,0
CUST-519d890b58,normal,,0,0
CUST-520816940f,normal,,0,0
CUST-d030eaaf71,normal,,0,0
CUST-0caf1bfcb4,normal,,0,0
CUST-f1ca706131,normal,,0,0
CUST-6d200086aa,normal,,0,0
CUST-ba7f95c87e,normal,,0,0
CUST-ccb7389022,normal,,0,0
CUST-8832ad61bb,normal,,0,0
CUST-322365b75b,normal,,0,0
CUST-3d1b7fb3bf,normal,,0,0
CUST-edaecb2e42,normal,,0,0
CUST-1b90de2426,normal,,0,0
CUST-ca45e6213d,normal,,0,0
CUST-657197e778,normal,,0,0
CUST-987f436788,normal,,0,0
CUST-031a8eb8b7,normal,,0,0
CUST-b3a67f243f,normal,,0,0
CUST-50c2edb79e,normal,,0,0
CUST-0cabd9060c,normal,,0,0
CUST-dc061fa54c,normal,,0,0
CUST-a5a2879898,normal,,0,0
CUST-c32873dbfa,normal,,0,0
CUST-08a53e27ac,normal,,0,0
CUST-ecb775739b,normal,,0,0
CUST-b1dae8f692,normal,,0,0
CUST-76af66ee81,normal,,0,0
CUST-590e5dc85a,normal,,0,0
CUST-ae0c53c9fa,normal,,0,0
CUST-d896f60e51,normal,,0,0
CUST-18735d004a,normal,,0,0
CUST-4d4e369db2,normal,,0,0
CUST-7c09d7d4a2,normal,,0,0
CUST-54181e4240,normal,,0,0
CUST-bc31e436da,normal,,0,0
CUST-093c889753,normal,,0,0
CUST-19bdee6c84,normal,,0,0
CUST-fd20d00633,normal,,0,0
CUST-e871110e63,normal,,0,0
CUST-6508cae0fe,normal,,0,0
CUST-edb84cd8cb,normal,,0,0
CUST-bc2e4f4eb6,normal,,0,0
CUST-5bdb880fe7,normal,,0,0
CUST-388ddac3b8,normal,,0,0
CUST-eefa4152de,normal,,0,0
CUST-9ac902bd88,normal,,0,0
CUST-f0feaf327c,normal,,0,0
CUST-8aa8a2677d,normal,,0,0
CUST-8253b73830,normal,,0,0
CUST-af7ea0c29d,normal,,0,0
CUST-ad50c87035,normal,,0,0
CUST-f025da6330,normal,,0,0
CUST-1787dc8497,normal,,0,0
CUST-b6704ccc66,normal,,0,0
CUST-705e5b1982,normal,,0,0
CUST-aa15312117,normal,,0,0
CUST-4cbb429919,normal,,0,0
CUST-564f804944,normal,,0,0
CUST-ead9bf3e30,normal,,0,0
CUST-0448468866,normal,,0,0
CUST-b4fc31c79c,normal,,0,0
CUST-f685a66540,normal,,0,0
CUST-49751b00b5,normal,,0,0
CUST-f4ee85f655,normal,,0,0
CUST-49932062e1,normal,,0,0
CUST-257f3fb044,normal,,0,0
CUST-a519b313d9,normal,,0,0
CUST-bf0ed75ce3,normal,,0,0
CUST-3d31a32da4,normal,,0,0
CUST-525bdc1535,normal,,0,0
CUST-ad65ca4f47,normal,,0,0
CUST-2d372b1a88,normal,,0,0
CUST-947beecdbe,normal,,0,0
CUST-a2873774e6,normal,,0,0
CUST-d2d7647905,normal,,0,0
CUST-ef0f0bc71a,normal,,0,0
CUST-2d1befe94c,normal,,0,0
CUST-84289cbff0,normal,,0,0
CUST-5345f54827,normal,,0,0
CUST-ce04449b24,normal,,0,0
CUST-beed1ba0ec,normal,,0,0
CUST-0eb02fb480,normal,,0,0
CUST-110cc2696f,normal,,0,0
CUST-d1d8169dcb,normal,,0,0
CUST-ac6c0b6ee5,normal,,0,0
CUST-ec5ea3099f,normal,,0,0
CUST-d22b0ad757,normal,,0,0
CUST-ff8c8efd7f,normal,,0,0
CUST-a62b8f007c,normal,,0,0
CUST-ed0469c07a,normal,,0,0
CUST-49ace31e85,normal,,0,0
CUST-b2d2eb47a9,normal,,0,0
CUST-6e2c86ac88,normal,,0,0
CUST-5eebbd6142,normal,,0,0
CUST-d0d2a18ac5,normal,,0,0
CUST-8575858064,normal,,0,0
CUST-2e5345bab8,normal,,0,0
CUST-b60a83dcf1,normal,,0,0
CUST-d965540415,normal,,0,0
CUST-1361fa1f01,normal,,0,0
CUST-971b9e4d45,normal,,0,0
CUST-1e9c2d170c,normal,,0,0
CUST-8e1c8e14cf,normal,,0,0
CUST-26ce0fbb02,normal,,0,0
CUST-7ebdb61987,normal,,0,0
CUST-ad48836474,normal,,0,0
CUST-193f82a229,normal,,0,0
CUST-d8183ceacb,normal,,0,0
CUST-e4b151a94e,normal,,0,0
CUST-1884a23b01,normal,,0,0
CUST-aab5a28ed7,normal,,0,0
CUST-60915ad0dd,normal,,0,0
CUST-534385abc3,normal,,0,0
CUST-e87e157be7,normal,,0,0
CUST-e696f9534a,normal,,0,0
CUST-6e1885214b,normal,,0,0
CUST-bebed6f2d4,normal,,0,0
CUST-e6b458df98,normal,,0,0
CUST-9305f3b4ad,normal,,0,0
CUST-e39ffc4ec1,normal,,0,0
CUST-a1eff7c5b1,normal,,0,0
CUST-de8a833e2c,normal,,0,0
CUST-de410bc661,normal,,0,0
CUST-a0964fe31d,normal,,0,0
CUST-70187cb463,normal,,0,0
CUST-c4b3fd30d3,normal,,0,0
CUST-9d5dbf97bb,normal,,0,0
CUST-d354c305fc,normal,,0,0
CUST-44ee8a1a82,normal,,0,0
CUST-a0f2e31559,normal,,0,0
CUST-f819e6d2c7,normal,,0,0
CUST-a6eb4f6768,normal,,0,0
CUST-72ccd1d725,normal,,0,0
CUST-4d67acd100,normal,,0,0
CUST-f13a8eb272,normal,,0,0
CUST-f53bdf0460,normal,,0,0
CUST-30366160dc,normal,,0,0
CUST-91109c6fe9,normal,,0,0
CUST-cc02dc96c1,normal,,0,0
CUST-e8af68574c,normal,,0,0
CUST-6724649930,normal,,0,0
CUST-773a2bd02f,normal,,0,0
CUST-45b78b61cc,normal,,0,0
CUST-3567551ffe,normal,,0,0
CUST-86e2912eb0,normal,,0,0
CUST-50acb30ae2,normal,,0,0
CUST-3963428b63,normal,,0,0
CUST-ea62ffc859,normal,,0,0
CUST-9f03b1c8ae,normal,,0,0
CUST-4e70a9f98b,normal,,0,0
CUST-d9569e7fde,normal,,0,0
CUST-88def002a0,normal,,0,0
CUST-5165e4bd32,normal,,0,0
CUST-2cdf2fcaa5,normal,,0,0
CUST-fe3a29d771,normal,,0,0
CUST-acd9b21005,normal,,0,0
CUST-8e849e1749,normal,,0,0
CUST-e39bbb0c6e,normal,,0,0
CUST-531e8f88ab,normal,,0,0
CUST-2f96d7fd7b,normal,,0,0
CUST-c5f1698375,normal,,0,0
CUST-3acc8a1deb,normal,,0,0
CUST-91c6442415,normal,,0,0
CUST-77e7e98730,normal,,0,0
CUST-16de0e9f50,normal,,0,0
CUST-2657962ecf,normal,,0,0
CUST-036d6c1cea,normal,,0,0
CUST-11b881ef06,normal,,0,0
CUST-ee307a6eef,normal,,0,0
CUST-25c9b91da7,normal,,0,0
CUST-208c2f81d3,normal,,0,0
CUST-af48d7ff27,normal,,0,0
CUST-06937868e4,normal,,0,0
CUST-784724a720,normal,,0,0
CUST-81404edd1c,normal,,0,0
CUST-00c7d06bbb,normal,,0,0
CUST-6bb6afaef2,normal,,0,0
CUST-8679d3b5fe,normal,,0,0
CUST-bca431aa52,normal,,0,0
CUST-9048a6d960,normal,,0,0
CUST-ef65284c02,normal,,0,0
CUST-ba1cfb8dda,normal,,0,0
CUST-dd05dddddb,normal,,0,0
CUST-48c573e9a3,normal,,0,0
CUST-395471dcc3,normal,,0,0
CUST-86e83dcf6d,normal,,0,0
CUST-86fb61cfc4,normal,,0,0
CUST-08b877737b,normal,,0,0
CUST-fafc42e2f8,normal,,0,0
CUST-7f9e77b86e,normal,,0,0
CUST-3d555d4fe7,normal,,0,0
CUST-9f2a51d10f,normal,,0,0
CUST-9e8ab505be,normal,,0,0
CUST-f686ed7e2a,normal,,0,0
CUST-17d8245599,normal,,0,0
CUST-55dbfc4fbc,normal,,0,0
CUST-bd571b3a75,normal,,0,0
CUST-032654f891,normal,,0,0
CUST-3e5018e793,normal,,0,0
CUST-d74769fbf8,normal,,0,0
CUST-d5d440a802,normal,,0,0
CUST-798b9580c5,normal,,0,0
CUST-391c62a72f,normal,,0,0
CUST-6bbad3d3ef,normal,,0,0
CUST-00da764243,normal,,0,0
CUST-cfbfadc795,normal,,0,0
CUST-4eb124e63b,normal,,0,0
CUST-a9e414d8d6,normal,,0,0
CUST-b838ce1cff,normal,,0,0
CUST-f672763c9d,normal,,0,0
CUST-c40279d3d0,normal,,0,0
CUST-54e7fc40fe,normal,,0,0
CUST-47e99e9542,normal,,0,0
CUST-06227e2ce1,normal,,0,0
CUST-f94791b87b,normal,,0,0
CUST-63bd65d107,normal,,0,0
CUST-db5a912d29,normal,,0,0
CUST-4d55e7abb5,normal,,0,0
CUST-4ad134f254,normal,,0,0
CUST-3f8a1e3f17,normal,,0,0
CUST-cf0bb4f83a,normal,,0,0
CUST-b1d2eefba5,normal,,0,0
CUST-f338fe2071,normal,,0,0
CUST-3b048497dc,normal,,0,0
CUST-d5a5e4f742,normal,,0,0
CUST-e92e28738b,normal,,0,0
CUST-52cf67cf87,normal,,0,0
CUST-9660ed092c,normal,,0,0
CUST-8fb8563a35,normal,,0,0
CUST-35f88686cd,normal,,0,0
CUST-b458007b51,normal,,0,0
CUST-72cfb50e96,normal,,0,0
CUST-f6cdc48377,normal,,0,0
CUST-634cc470a0,normal,,0,0
CUST-9a641654cf,normal,,0,0
CUST-8f24aa5e3d,normal,,0,0
CUST-009eb5a6ef,normal,,0,0
CUST-b427884255,normal,,0,0
CUST-4fa66775fe,normal,,0,0
CUST-07f30ae6c3,normal,,0,0
CUST-130d18361f,normal,,0,0
CUST-0bb20c9033,normal,,0,0
CUST-0c0060ce6e,normal,,0,0
CUST-6b39b60096,normal,,0,0
CUST-d03cd5ae43,normal,,0,0
CUST-0cfa62ba77,normal,,0,0
CUST-584e34622e,normal,,0,0
CUST-261218e269,normal,,0,0
CUST-258c5b1866,normal,,0,0
CUST-1e2cacfa4c,normal,,0,0
CUST-edb0137a63,normal,,0,0
CUST-15cc2005bd,normal,,0,0
CUST-934ad0d5b1,normal,,0,0
CUST-831e3c8822,normal,,0,0
CUST-9c954f6dcb,normal,,0,0
CUST-e802d92f78,normal,,0,0
CUST-f2140596de,normal,,0,0
CUST-636b74e3f2,normal,,0,0
CUST-4ea977d35a,normal,,0,0
CUST-5609ce6c07,normal,,0,0
CUST-07c8c7340d,normal,,0,0
CUST-a9a28113be,normal,,0,0
CUST-34be9a6824,normal,,0,0
CUST-7026e15e04,normal,,0,0
CUST-e7849be306,normal,,0,0
CUST-e51ae95de7,normal,,0,0
CUST-75f86eda66,normal,,0,0
CUST-23772cdd29,normal,,0,0
CUST-14ff3648ad,normal,,0,0
CUST-f4fe8aeaa5,normal,,0,0
CUST-4fa1ac72da,normal,,0,0
CUST-92e0956b3c,normal,,0,0
CUST-89ebf11efe,normal,,0,0
CUST-45ce839437,normal,,0,0
CUST-8e8d39168e,normal,,0,0
CUST-8d07db1425,normal,,0,0
CUST-8ba2b1d534,normal,,0,0
CUST-e4aaba5873,normal,,0,0
CUST-2b2c420f0e,normal,,0,0
CUST-4dcbaaa59c,normal,,0,0
CUST-ea76b008b9,normal,,0,0
CUST-a58c659862,normal,,0,0
CUST-468e3e0d89,normal,,0,0
CUST-47a198d1e3,normal,,0,0
CUST-693e587819,normal,,0,0
CUST-3081b49d4a,normal,,0,0
CUST-44fe97225f,normal,,0,0
CUST-53efc32093,normal,,0,0
CUST-855d9258de,normal,,0,0
CUST-add7726aff,normal,,0,0
CUST-ef84798635,normal,,0,0
CUST-6a16adc365,normal,,0,0
CUST-61595f93b3,normal,,0,0
CUST-b94f02d32d,normal,,0,0
CUST-7fb01317b7,normal,,0,0
CUST-76d8fe5892,normal,,0,0
CUST-fff8eb4310,normal,,0,0
CUST-81b3a10000,normal,,0,0
CUST-748b578df7,normal,,0,0
CUST-ac32a20e36,normal,,0,0
CUST-cc175abd11,normal,,0,0
CUST-21c27a0d67,normal,,0,0
CUST-84db24d303,normal,,0,0
CUST-a6b3681408,normal,,0,0
CUST-19130c0046,normal,,0,0
CUST-a7366ce8f7,normal,,0,0
CUST-a8059bef9f,normal,,0,0
CUST-42abd0d98d,normal,,0,0
CUST-d073ed92e2,normal,,0,0
CUST-6331da328a,normal,,0,0
CUST-aaad370322,normal,,0,0
CUST-0b089c0a21,normal,,0,0
CUST-ad594beeeb,normal,,0,0
CUST-0720f894f0,normal,,0,0
CUST-14f5a5163f,normal,,0,0
CUST-c8e6a1e29a,normal,,0,0
CUST-902c96d739,normal,,0,0
CUST-c2df54b801,normal,,0,0
CUST-d60faeda84,normal,,0,0
CUST-dfc58cf178,normal,,0,0
CUST-552a91e1c1,normal,,0,0
CUST-48590399a9,normal,,0,0
CUST-6a9b92444e,normal,,0,0
CUST-f9595239bc,normal,,0,0
CUST-e38af608d4,normal,,0,0
CUST-b991ddddb7,normal,,0,0
CUST-dd44b25493,normal,,0,0
CUST-e01e310a9c,normal,,0,0
CUST-40bd0e5ea2,normal,,0,0
CUST-8898f6ef8e,normal,,0,0
CUST-c879fabccb,normal,,0,0
CUST-6b6806f90c,normal,,0,0
CUST-6501839df0,normal,,0,0
CUST-4a4f99e172,normal,,0,0
CUST-3175efc667,normal,,0,0
CUST-addeb2e68f,normal,,0,0
CUST-ae4709bf44,normal,,0,0
CUST-01e1128fa3,normal,,0,0
CUST-250bc73e55,normal,,0,0
CUST-6253dc9178,normal,,0,0
CUST-ca76024569,normal,,0,0
CUST-bfd0ad940a,normal,,0,0
CUST-44c2efcb3e,normal,,0,0
CUST-08d03b5e47,normal,,0,0
CUST-febc15370d,normal,,0,0
CUST-7bf27f2089,normal,,0,0
CUST-8c47575c1b,normal,,0,0
CUST-b4ff7745c8,normal,,0,0
CUST-0bab2e7698,normal,,0,0
CUST-479fb3ec3f,normal,,0,0
CUST-f2610d0022,normal,,0,0
CUST-ee3ac4a669,normal,,0,0
CUST-9debce3c88,normal,,0,0
CUST-d88d0f11c4,normal,,0,0
CUST-ec04bff620,normal,,0,0
CUST-0b96191c6b,normal,,0,0
CUST-62dd1c0215,normal,,0,0
CUST-b1b15e9667,normal,,0,0
CUST-fd990b5587,normal,,0,0
CUST-2b1379e48f,normal,,0,0
CUST-ff7f0108fa,normal,,0,0
CUST-4eb250a5a6,normal,,0,0
CUST-e26b621c2a,normal,,0,0
CUST-0f79769032,normal,,0,0
CUST-0028d7ed23,normal,,0,0
CUST-15538b7b77,normal,,0,0
CUST-c120a4f9b1,normal,,0,0
CUST-fa68c01787,normal,,0,0
CUST-42b47dfc33,normal,,0,0
CUST-b8fa17f4f9,normal,,0,0
CUST-8ff70c6c0c,normal,,0,0
CUST-27e6229dd4,normal,,0,0
CUST-7a074093e6,normal,,0,0
CUST-37de88e27d,normal,,0,0
CUST-328927f3a9,normal,,0,0
CUST-cabc8835d6,normal,,0,0
CUST-4e2b446e14,normal,,0,0
CUST-9c0387ca72,normal,,0,0
CUST-9b37e8a4a5,normal,,0,0
CUST-1a58a42006,normal,,0,0
CUST-077a925c90,normal,,0,0
CUST-5a42b1d890,normal,,0,0
CUST-80f0d59b80,normal,,0,0
CUST-a0df3e76d4,normal,,0,0
CUST-c44018b68c,normal,,0,0
CUST-2e328bbd49,normal,,0,0
CUST-74fbd4ef23,normal,,0,0
CUST-97bb4a5cb8,normal,,0,0
CUST-74f4778c2c,normal,,0,0
CUST-b4608450c9,normal,,0,0
CUST-c577e21366,normal,,0,0
CUST-9f2da30a53,normal,,0,0
CUST-57444dbde1,normal,,0,0
CUST-689d2642ff,normal,,0,0
CUST-1a14ffb548,normal,,0,0
CUST-c7e4f0b244,normal,,0,0
CUST-84b9b5b99f,normal,,0,0
CUST-d2cbe9d4d9,normal,,0,0
CUST-de1225d2cc,normal,,0,0
CUST-9dc02f8f52,normal,,0,0
CUST-159c0e3f1a,normal,,0,0
CUST-d6aba0e24d,normal,,0,0
CUST-9408fe2e93,normal,,0,0
CUST-279243f6e7,normal,,0,0
CUST-362592916b,normal,,0,0
CUST-97b294ab17,normal,,0,0
CUST-f305cf2bc9,normal,,0,0
CUST-fd43033c34,normal,,0,0
CUST-eaa1d11594,normal,,0,0
CUST-dd7bad4782,normal,,0,0
CUST-96033a55d3,normal,,0,0
CUST-533e16de52,normal,,0,0
CUST-1a504dc802,normal,,0,0
CUST-b161b9951e,normal,,0,0
CUST-dc0a7f5c60,normal,,0,0
CUST-d10abe4ea7,normal,,0,0
CUST-8560994377,normal,,0,0
CUST-3fc230df1b,normal,,0,0
CUST-cbe6c65188,normal,,0,0
CUST-54fc429c4d,normal,,0,0
CUST-5544dd0c2d,normal,,0,0
CUST-e0ef2332db,normal,,0,0
CUST-b8832a9897,normal,,0,0
CUST-811766ba92,normal,,0,0
CUST-5f46f5358d,normal,,0,0
CUST-269ef3623a,normal,,0,0
CUST-7bcf37c612,normal,,0,0
CUST-654da93d56,normal,,0,0
CUST-f8265a4d74,normal,,0,0
CUST-02de4267a9,normal,,0,0
CUST-4d54f64bfe,normal,,0,0
CUST-0a71fcddfa,normal,,0,0
CUST-28c803b24f,normal,,0,0
CUST-1adf339dd3,normal,,0,0
CUST-50f2f2403a,normal,,0,0
CUST-14c874480b,normal,,0,0
CUST-c2d1e80c54,normal,,0,0
CUST-01fc4d0c95,normal,,0,0
CUST-9060e7ab8c,normal,,0,0
CUST-27c7ec847d,normal,,0,0
CUST-cca109878e,normal,,0,0
CUST-e428a372e8,normal,,0,0
CUST-1716ce6787,normal,,0,0
CUST-a92fd36664,normal,,0,0
CUST-b83fbe8d5c,normal,,0,0
CUST-6be55a6278,normal,,0,0
CUST-1bb3e86861,normal,,0,0
CUST-8131cd3761,normal,,0,0
CUST-a6c079bcf7,normal,,0,0
CUST-a5dd771c07,normal,,0,0
CUST-02bad073e6,normal,,0,0
CUST-2d12831be7,normal,,0,0
CUST-4a253db238,normal,,0,0
CUST-3321c710aa,normal,,0,0
CUST-3ac6842c17,normal,,0,0
CUST-f739c7d703,normal,,0,0
CUST-920e490a34,normal,,0,0
CUST-d12da82140,normal,,0,0
CUST-301776917d,normal,,0,0
CUST-65f91c94a0,normal,,0,0
CUST-1ab485cebb,normal,,0,0
CUST-424e15972f,normal,,0,0
CUST-e571833139,normal,,0,0
CUST-7e24b7a508,normal,,0,0
CUST-87cfa56748,normal,,0,0
CUST-2d2c34c803,normal,,0,0
CUST-0ae296bb36,normal,,0,0
CUST-2ca32740e1,normal,,0,0
CUST-eb8f4efe64,normal,,0,0
CUST-fa14f8d2d6,normal,,0,0
CUST-4c956e9781,normal,,0,0
CUST-11d488555d,normal,,0,0
CUST-052fa75cac,normal,,0,0
CUST-314dfc8891,normal,,0,0
CUST-c03c0f2948,normal,,0,0
CUST-55d2d03e9f,normal,,0,0
CUST-b02ee27196,normal,,0,0
CUST-f7d196ca7e,normal,,0,0
CUST-da50ab1081,normal,,0,0
CUST-7d2f60ea6f,normal,,0,0
CUST-4bf5288af3,normal,,0,0
CUST-3e68aa94a0,normal,,0,0
CUST-139fa00b17,normal,,0,0
CUST-3db6a46e88,normal,,0,0
CUST-679d2c76b7,normal,,0,0
CUST-749fa22da6,normal,,0,0
CUST-5a996a2bd3,normal,,0,0
CUST-bd1b05b38b,normal,,0,0
CUST-a99ec822f1,normal,,0,0
CUST-2a5456c585,normal,,0,0
CUST-ea7ffd0230,normal,,0,0
CUST-829191e3ef,normal,,0,0
CUST-ccebc63ae2,normal,,0,0
CUST-552fc95fd6,normal,,0,0
CUST-225b41b050,normal,,0,0
CUST-0be3020c02,normal,,0,0
CUST-e2713d03d5,normal,,0,0
CUST-9a01f21cf4,normal,,0,0
CUST-cfcbe1a3b7,normal,,0,0
CUST-9d60700123,normal,,0,0
CUST-eb0385c62d,normal,,0,0
CUST-22c25fcb9c,normal,,0,0
CUST-60bb849207,normal,,0,0
CUST-f5ec42c98e,normal,,0,0
CUST-ed50fd8c31,normal,,0,0
CUST-18ab3c7419,normal,,0,0
CUST-c8449a0367,normal,,0,0
CUST-98e4fe0b47,normal,,0,0
CUST-9f23e896c6,normal,,0,0
CUST-7e61379645,normal,,0,0
CUST-f36df7d3a2,normal,,0,0
CUST-57f315e414,normal,,0,0
CUST-b8d5282966,normal,,0,0
CUST-34a49f1717,normal,,0,0
CUST-3cddc077d4,normal,,0,0
CUST-a390db1cbc,normal,,0,0
CUST-3f30371edf,normal,,0,0
CUST-10a92caf1c,normal,,0,0
CUST-51c25ddc99,normal,,0,0
CUST-780e5314c1,normal,,0,0
CUST-7b6a3f7da6,normal,,0,0
CUST-2040d4963f,normal,,0,0
CUST-9f1fde6fe4,normal,,0,0
CUST-22e87bbc5c,normal,,0,0
CUST-cf9613733e,normal,,0,0
CUST-b1568f5431,normal,,0,0
CUST-be585aace1,normal,,0,0
CUST-80970d981b,normal,,0,0
CUST-c311a916af,normal,,0,0
CUST-75ccbf5495,normal,,0,0
CUST-da7097d3b8,normal,,0,0
CUST-075bd39ba1,normal,,0,0
CUST-66d6c32201,normal,,0,0
CUST-fab7e44803,normal,,0,0
CUST-b03b02b770,normal,,0,0
CUST-2c11aa1e3a,normal,,0,0
CUST-e58b3aab15,normal,,0,0
CUST-16783daa66,normal,,0,0
CUST-ada42b7356,normal,,0,0
CUST-6bddc80278,normal,,0,0
CUST-4c3e984fd9,normal,,0,0
CUST-3e6015d19d,normal,,0,0
CUST-ff751a578c,normal,,0,0
CUST-13df918ce3,normal,,0,0
CUST-3207b2f41a,normal,,0,0
CUST-e534089820,normal,,0,0
CUST-8d828dde1e,normal,,0,0
CUST-03998f183a,normal,,0,0
CUST-525e6fa79c,normal,,0,0
CUST-d0995bbfd8,normal,,0,0
CUST-ae83246919,normal,,0,0
CUST-02e2b5a33e,normal,,0,0
CUST-54d75d1379,normal,,0,0
CUST-0bf575bdfe,normal,,0,0
CUST-fed523a72e,normal,,0,0
CUST-db9e5c416d,normal,,0,0
CUST-dfc82e1686,normal,,0,0
CUST-04dcf162ca,normal,,0,0
CUST-c32c8ddd6c,normal,,0,0
CUST-774b475ae8,normal,,0,0
CUST-1a5eca9c7d,normal,,0,0
CUST-14a61f49be,normal,,0,0
CUST-45a8f5aff0,normal,,0,0
CUST-c5f3e6e444,normal,,0,0
CUST-6d62484b79,normal,,0,0
CUST-beae0faa32,normal,,0,0
CUST-4b783b65dc,normal,,0,0
CUST-043dfab6c7,normal,,0,0
CUST-e165303886,normal,,0,0
CUST-4505f6b38f,normal,,0,0
CUST-ad645151c4,normal,,0,0
CUST-384fae8d28,normal,,0,0
CUST-d81f2e6fae,normal,,0,0
CUST-bd58874dd7,normal,,0,0
CUST-23d9f7934e,normal,,0,0
CUST-5b9dd0e882,normal,,0,0
CUST-c1a878dec8,normal,,0,0
CUST-2eb5463920,normal,,0,0
CUST-1e1b582a3f,normal,,0,0
CUST-b1e52938dd,normal,,0,0
CUST-822f1d72bb,normal,,0,0
CUST-dd3295818c,normal,,0,0
CUST-d1cb6b5053,normal,,0,0
CUST-31d84ea675,normal,,0,0
CUST-72a5d21e31,normal,,0,0
CUST-1a0e0f7328,normal,,0,0
CUST-b3dee39539,normal,,0,0
CUST-ac23fc113e,normal,,0,0
CUST-07b506bbae,normal,,0,0
CUST-e988f7ad91,normal,,0,0
CUST-e598f929ff,normal,,0,0
CUST-600b856712,normal,,0,0
CUST-d0de9fe881,normal,,0,0
CUST-2a8fb489a1,normal,,0,0
CUST-622de24b9d,normal,,0,0
CUST-ab00a90257,normal,,0,0
CUST-bf1f71d75e,normal,,0,0
CUST-30a69b5123,normal,,0,0
CUST-245d484abd,normal,,0,0
CUST-e30621298a,normal,,0,0
CUST-735bdd6602,normal,,0,0
CUST-8c5ad5abcd,normal,,0,0
CUST-997dcaf148,normal,,0,0
CUST-b710aa3751,normal,,0,0
CUST-d8b598d0c0,normal,,0,0
CUST-dab796456e,normal,,0,0
CUST-dd0807391c,normal,,0,0
CUST-e51c02bf74,normal,,0,0
CUST-a9db7b3b17,normal,,0,0
CUST-755510bb6f,normal,,0,0
CUST-58b2c06190,normal,,0,0
CUST-f15f76cecf,normal,,0,0
CUST-3e4036bc0c,normal,,0,0
CUST-e2eea79418,normal,,0,0
CUST-39ac3da2c6,normal,,0,0
CUST-4e8bca9481,normal,,0,0
CUST-90e81dbb3f,normal,,0,0
CUST-4207c91417,normal,,0,0
CUST-c65e66021a,normal,,0,0
CUST-947ce857f6,normal,,0,0
CUST-e0c4603fb4,normal,,0,0
CUST-0c64ad3713,normal,,0,0
CUST-d426a9c014,normal,,0,0
CUST-49cebd84c1,normal,,0,0
CUST-67352446d7,normal,,0,0
CUST-a88238a95d,normal,,0,0
CUST-f3fa1f1b85,normal,,0,0
CUST-f2aa6933bd,normal,,0,0
CUST-ec5101bb2e,normal,,0,0
CUST-cfb0faacac,normal,,0,0
CUST-9ede5050bc,normal,,0,0
CUST-3bbbf18c52,normal,,0,0
CUST-96412dce4b,normal,,0,0
CUST-b00d8198c6,normal,,0,0
CUST-1ff1fd0cc0,normal,,0,0
CUST-ab2d11f318,normal,,0,0
CUST-bb86cac192,normal,,0,0
CUST-3d27dedc64,normal,,0,0
CUST-d048adf471,normal,,0,0
CUST-a93e6ad0be,normal,,0,0
CUST-cf8c4c72be,normal,,0,0
CUST-38cf50fddd,normal,,0,0
CUST-481a769547,normal,,0,0
CUST-73b44c5048,normal,,0,0
CUST-654d887d0b,normal,,0,0
CUST-52f9d5aed3,normal,,0,0
CUST-f4ca86a6fc,normal,,0,0
CUST-401b6dc52c,normal,,0,0
CUST-eddec37612,normal,,0,0
CUST-a053bf79c3,normal,,0,0
CUST-8735da1b9e,normal,,0,0
CUST-3e2d2e3747,normal,,0,0
CUST-b425109cde,normal,,0,0
CUST-556f82e7d5,normal,,0,0
CUST-928725b1fc,normal,,0,0
CUST-6eacc9707a,normal,,0,0
CUST-e647da0b13,normal,,0,0
CUST-5b4c0c941e,normal,,0,0
CUST-31acc5251b,normal,,0,0
CUST-ca9c9375a2,normal,,0,0
CUST-33cc2013f4,normal,,0,0
CUST-c049b40419,normal,,0,0
CUST-b1b658c16f,normal,,0,0
CUST-d50d772663,normal,,0,0
CUST-42d78b0030,normal,,0,0
CUST-1c6379756d,normal,,0,0
CUST-06502c33f6,normal,,0,0
CUST-7f389c5f89,normal,,0,0
CUST-2da512c96c,normal,,0,0
CUST-d7ec460c23,normal,,0,0
CUST-f8b0031478,normal,,0,0
CUST-feecd11ec2,normal,,0,0
CUST-e068805b46,normal,,0,0
CUST-d77884c90e,normal,,0,0
CUST-708a99a46c,normal,,0,0
CUST-b112857274,normal,,0,0
CUST-2301eef1e5,normal,,0,0
CUST-82b90de8f7,normal,,0,0
CUST-36b605bc6d,normal,,0,0
CUST-d206e924ad,normal,,0,0
CUST-44060e5799,normal,,0,0
CUST-3c01ccdac3,normal,,0,0
CUST-d87077d7ea,normal,,0,0
CUST-c294128c41,normal,,0,0
CUST-ff4157d301,normal,,0,0
CUST-01924a401b,normal,,0,0
CUST-deb9b10329,normal,,0,0
CUST-c5191d95a6,normal,,0,0
CUST-e7dba75b87,normal,,0,0
CUST-f6742f9e5e,normal,,0,0
CUST-a4ca47221a,normal,,0,0
CUST-fd5c1f6415,normal,,0,0
CUST-457d386e57,normal,,0,0
CUST-c8e948824f,normal,,0,0
CUST-2deff0e9ef,normal,,0,0
CUST-de063cb74f,normal,,0,0
CUST-6325473a62,normal,,0,0
CUST-5641aa9561,normal,,0,0
CUST-cfa955f404,normal,,0,0
CUST-7ec1ebe3d9,normal,,0,0
CUST-969d71eea1,normal,,0,0
CUST-4aa4627d9c,normal,,0,0
CUST-45a300b8d0,normal,,0,0
CUST-310ee5f2e8,normal,,0,0
CUST-9ea069119b,normal,,0,0
CUST-64e495e367,normal,,0,0
CUST-4625802935,normal,,0,0
CUST-5de0a83fe8,normal,,0,0
CUST-2ac15527ec,normal,,0,0
CUST-edc332546d,normal,,0,0
CUST-c09432e27b,normal,,0,0
CUST-e34643b5c9,normal,,0,0
CUST-b964b174d9,normal,,0,0
CUST-174fc6b842,normal,,0,0
CUST-50bdc5768e,normal,,0,0
CUST-231c013f36,normal,,0,0
CUST-55c4537a6b,normal,,0,0
CUST-2fe2fc0266,normal,,0,0
CUST-c94345d4a1,normal,,0,0
CUST-f0df3991b7,normal,,0,0
CUST-5acf560f1f,normal,,0,0
CUST-993e760b1e,normal,,0,0
CUST-f8d6600c44,normal,,0,0
CUST-672235115f,normal,,0,0
CUST-f50969dfd4,normal,,0,0
CUST-533dff669e,normal,,0,0
CUST-89f743d6d3,normal,,0,0
CUST-00391eb65c,normal,,0,0
CUST-ca879bc74d,normal,,0,0
CUST-7a758b4941,normal,,0,0
CUST-4c36b0a599,normal,,0,0
CUST-33314f50e3,normal,,0,0
CUST-d56b030bc1,normal,,0,0
CUST-9979008b3f,normal,,0,0
CUST-2e33a5db3f,normal,,0,0
CUST-2827c07cb1,normal,,0,0
CUST-584ce7aaa8,normal,,0,0
CUST-56d0b1794c,normal,,0,0
CUST-e2f56d945f,normal,,0,0
CUST-f6f914d79d,normal,,0,0
CUST-6f9edf71d0,normal,,0,0
CUST-3d404e3018,normal,,0,0
CUST-2f81595c4e,normal,,0,0
CUST-077fa98fe1,normal,,0,0
CUST-e196109bb1,normal,,0,0
CUST-0ecd8cf2eb,normal,,0,0
CUST-c1fa10ace9,normal,,0,0
CUST-39a012721a,normal,,0,0
CUST-6c9c8f5038,normal,,0,0
CUST-e9438b153d,normal,,0,0
CUST-e5ed7f3b94,normal,,0,0
CUST-034f208c73,normal,,0,0
CUST-030ce61e80,normal,,0,0
CUST-7a6f1d7dce,normal,,0,0
CUST-1e20a59e76,normal,,0,0
CUST-e9fc088498,normal,,0,0
CUST-798fb72918,normal,,0,0
CUST-85db99956d,normal,,0,0
CUST-295a3f4d3a,normal,,0,0
CUST-b6a25091e6,normal,,0,0
CUST-1cb217e223,normal,,0,0
CUST-705bf8b235,normal,,0,0
CUST-1696fdf3e0,normal,,0,0
CUST-e1898f7641,normal,,0,0
CUST-b01d0d93d2,normal,,0,0
CUST-05a68d52b6,normal,,0,0
CUST-7727f23379,normal,,0,0
CUST-b865b00f87,normal,,0,0
CUST-e839ed30cb,normal,,0,0
CUST-c1bd1991ce,normal,,0,0
CUST-c034df0ab6,normal,,0,0
CUST-e13df4b7e0,normal,,0,0
CUST-029fa57eea,normal,,0,0
CUST-ed09b04956,normal,,0,0
CUST-e41fbbf42b,normal,,0,0
CUST-30d158bb44,normal,,0,0
CUST-719a82aba2,normal,,0,0
CUST-9bd3fd3968,normal,,0,0
CUST-1ba79df6f6,normal,,0,0
CUST-baf9c63e4b,normal,,0,0
CUST-8879af8360,normal,,0,0
CUST-74fe8b7198,normal,,0,0
CUST-7fdbcb6aa7,normal,,0,0
CUST-98353cd396,normal,,0,0
CUST-c820ab2a03,normal,,0,0
CUST-4eceb9676e,normal,,0,0
CUST-06a408293e,normal,,0,0
CUST-90d7dafaf1,normal,,0,0
CUST-4deca3da5d,normal,,0,0
CUST-5954ab6585,normal,,0,0
CUST-8bd6db7615,normal,,0,0
CUST-01e8dedce2,normal,,0,0
CUST-4dc226b5a3,normal,,0,0
CUST-47a6c87444,normal,,0,0
CUST-9fa8af351d,normal,,0,0
CUST-641b99a413,normal,,0,0
CUST-ebe7028d5e,normal,,0,0
CUST-8d51b12bd2,normal,,0,0
CUST-84c1b35473,normal,,0,0
CUST-0872caf488,normal,,0,0
CUST-8735ced7bf,normal,,0,0
CUST-f6881500b4,normal,,0,0
CUST-ab5d20c57d,normal,,0,0
CUST-f439a57f88,normal,,0,0
CUST-1e8b5f64ee,normal,,0,0
CUST-bf8a15baf4,normal,,0,0
CUST-65a633b7f4,normal,,0,0
CUST-126ec3db7a,normal,,0,0
CUST-6fcfafcbcb,normal,,0,0
CUST-b9a5bdb881,normal,,0,0
CUST-874d26dfc0,normal,,0,0
CUST-495f24b778,normal,,0,0
CUST-d320509fee,normal,,0,0
CUST-3dac110621,normal,,0,0
CUST-5de64d75a0,normal,,0,0
CUST-078ef273c8,normal,,0,0
CUST-b1055fe6ab,normal,,0,0
CUST-2ed0b14da6,normal,,0,0
CUST-545eb30c89,normal,,0,0
CUST-dd9f721cef,normal,,0,0
CUST-cd97c68d94,normal,,0,0
CUST-2abc9e801e,normal,,0,0
CUST-c38a0516b4,normal,,0,0
CUST-07cc1b60f9,normal,,0,0
CUST-d475a401c6,normal,,0,0
CUST-3e7af6d44c,normal,,0,0
CUST-6bf924ecf3,normal,,0,0
CUST-dae0937852,normal,,0,0
CUST-8f701db32b,normal,,0,0
CUST-7c775c56ee,normal,,0,0
CUST-1ac54dc01a,normal,,0,0
CUST-7ea0b01aa3,normal,,0,0
CUST-462d7ff1e1,normal,,0,0
CUST-779782f80f,normal,,0,0
CUST-112ea99557,normal,,0,0
CUST-67db70348a,normal,,0,0
CUST-9d462c30ef,normal,,0,0
CUST-35469c4432,normal,,0,0
CUST-d15a3838fb,normal,,0,0
CUST-fc1a72a0f5,normal,,0,0
CUST-ae7f49fbcf,normal,,0,0
CUST-9af84215cb,normal,,0,0
CUST-e3afd1d978,normal,,0,0
CUST-484beeb28f,normal,,0,0
CUST-544cf3ee97,normal,,0,0
CUST-d535098819,normal,,0,0
CUST-244d87825b,normal,,0,0
CUST-b8158eff28,normal,,0,0
CUST-5c799afc66,normal,,0,0
CUST-a4e835709b,normal,,0,0
CUST-f12e297d8b,normal,,0,0
CUST-428845b42d,normal,,0,0
CUST-e2f5ce1a1b,normal,,0,0
CUST-fef40254c5,normal,,0,0
CUST-2deda9ce49,normal,,0,0
CUST-4271943358,normal,,0,0
CUST-084ff32df9,normal,,0,0
CUST-d9ceb1fe9f,normal,,0,0
CUST-a3f21cf059,normal,,0,0
CUST-140d3132c6,normal,,0,0
CUST-fcadec4c44,normal,,0,0
CUST-59062c6b8c,normal,,0,0
CUST-bc0f997e38,normal,,0,0
CUST-749f6e70de,normal,,0,0
CUST-c8adad2ab8,normal,,0,0
CUST-f7c43e8c1d,normal,,0,0
CUST-3e5f879d07,normal,,0,0
CUST-012d26b39f,normal,,0,0
CUST-4b288055a9,normal,,0,0
CUST-98a1123873,normal,,0,0
CUST-b3a0a61215,normal,,0,0
CUST-427c4028df,normal,,0,0
CUST-d19f3df475,normal,,0,0
CUST-cdacac3c09,normal,,0,0
CUST-ee79c77114,normal,,0,0
CUST-3f4320d8e9,normal,,0,0
CUST-de9a556ee5,normal,,0,0
CUST-3ef6f251e4,normal,,0,0
CUST-e47ae9d86b,normal,,0,0
CUST-ae08e17250,normal,,0,0
CUST-e766761735,normal,,0,0
CUST-85232e7439,normal,,0,0
CUST-3c4d6d8707,normal,,0,0
CUST-5b18565045,normal,,0,0
CUST-94ef0c32a9,normal,,0,0
CUST-4585825e7b,normal,,0,0
CUST-116e0e2fba,normal,,0,0
CUST-33ff772664,normal,,0,0
CUST-76f25d19a3,normal,,0,0
CUST-8952299cbe,normal,,0,0
CUST-10585b3404,normal,,0,0
CUST-5eaaeca65f,normal,,0,0
CUST-e9c402f2c1,normal,,0,0
CUST-b3ebe86b5a,normal,,0,0
CUST-e8e0c4e408,normal,,0,0
CUST-13af2aed8b,normal,,0,0
CUST-a3ab57585b,normal,,0,0
CUST-8eeaa9871b,normal,,0,0
CUST-f569a9f3cc,normal,,0,0
CUST-fde0e8b465,normal,,0,0
CUST-895dde1c10,normal,,0,0
CUST-bd3d79b875,normal,,0,0
CUST-bf5cd1928b,normal,,0,0
CUST-1606fcdcb8,normal,,0,0
CUST-70281b956b,normal,,0,0
CUST-f1930a47a4,normal,,0,0
CUST-7d033479bf,normal,,0,0
CUST-76d77b6c09,normal,,0,0
CUST-2978e00eb1,normal,,0,0
CUST-112e4431da,normal,,0,0
CUST-e39a6283f4,normal,,0,0
CUST-499339ba7b,normal,,0,0
CUST-6bb47b3f35,normal,,0,0
CUST-a694478f17,normal,,0,0
CUST-dce7338ff4,normal,,0,0
CUST-494f36f92e,normal,,0,0
CUST-79fe470c05,normal,,0,0
CUST-a859340462,normal,,0,0
CUST-607e690ddd,normal,,0,0
CUST-663d415947,normal,,0,0
CUST-ed6cbea257,normal,,0,0
CUST-2199706beb,normal,,0,0
CUST-701a1610a4,normal,,0,0
CUST-0fec12f392,normal,,0,0
CUST-e67067eabf,normal,,0,0
CUST-865d3e1a0f,normal,,0,0
CUST-8c2d314bd6,normal,,0,0
CUST-b2c6ec42ee,normal,,0,0
CUST-9a344d37bc,normal,,0,0
CUST-060221c2b1,normal,,0,0
CUST-e8fb471c67,normal,,0,0
CUST-2788d66953,normal,,0,0
CUST-fd8ae7d98b,normal,,0,0
CUST-7adeae7f63,normal,,0,0
CUST-9788f7bb10,normal,,0,0
CUST-4297d3a8ce,normal,,0,0
CUST-50a8f1460e,normal,,0,0
CUST-07e29e4fd6,normal,,0,0
CUST-b0f09850f2,normal,,0,0
CUST-e2fee2c131,normal,,0,0
CUST-bc85ea7aca,normal,,0,0
CUST-ce6a30a8f0,normal,,0,0
CUST-e82bda430b,normal,,0,0
CUST-e41fd02230,normal,,0,0
CUST-6d7f29bdd9,normal,,0,0
CUST-9e1fad8ee8,normal,,0,0
CUST-a768c13ddc,normal,,0,0
CUST-c5721d2281,normal,,0,0
CUST-9162171f57,normal,,0,0
CUST-7da57912bf,normal,,0,0
CUST-c3657fc15c,normal,,0,0
CUST-01d15f7afa,normal,,0,0
CUST-23bd75478a,normal,,0,0
CUST-fcdd1202fb,normal,,0,0
CUST-eb047c1459,normal,,0,0
CUST-5304a701d4,normal,,0,0
CUST-f48d7dceae,normal,,0,0
CUST-73f810fae2,normal,,0,0
CUST-7ad5b1bd39,normal,,0,0
CUST-e8a2061cae,normal,,0,0
CUST-67a4d5ea29,normal,,0,0
CUST-3bbb5a9eda,normal,,0,0
CUST-ac0ff6667c,normal,,0,0
CUST-2a2caf6953,normal,,0,0
CUST-0c2e9d1fbe,normal,,0,0
CUST-7bf60a9f41,normal,,0,0
CUST-93172bab53,normal,,0,0
CUST-5c2d3f9114,normal,,0,0
CUST-e970b82201,normal,,0,0
CUST-146f795493,normal,,0,0
CUST-f349045662,normal,,0,0
CUST-22d4b1a049,normal,,0,0
CUST-c11853c64d,normal,,0,0
CUST-07798b8913,normal,,0,0
CUST-f5ef30f852,normal,,0,0
CUST-130d588de4,normal,,0,0
CUST-b8ffe5006f,normal,,0,0
CUST-98d14ec8fb,normal,,0,0
CUST-3bda767827,normal,,0,0
CUST-923e8b8eee,normal,,0,0
CUST-6df3960f44,normal,,0,0
CUST-739075d2cc,normal,,0,0
CUST-dd42647944,normal,,0,0
CUST-cf4fd11bdb,normal,,0,0
CUST-8168556d54,normal,,0,0
CUST-0f4e31e009,normal,,0,0
CUST-b841310e7f,normal,,0,0
CUST-4ca39c1ab3,normal,,0,0
CUST-77e67cbde9,normal,,0,0
CUST-760120c29f,normal,,0,0
CUST-ad5d3d2ae7,normal,,0,0
CUST-a33a0b8718,normal,,0,0
CUST-4949cd0e60,normal,,0,0
CUST-8b70569bd9,normal,,0,0
CUST-0c1acf664a,normal,,0,0
CUST-26e8884577,normal,,0,0
CUST-9f1df3cf09,normal,,0,0
CUST-05e9c02c8c,normal,,0,0
CUST-d869aad4f8,normal,,0,0
CUST-0814e6f1c5,normal,,0,0
CUST-22e1abe4de,normal,,0,0
CUST-b924894953,normal,,0,0
CUST-0da18b3d29,normal,,0,0
CUST-0a1a0d93c8,normal,,0,0
CUST-dc3a043c10,normal,,0,0
CUST-de0b6abdda,normal,,0,0
CUST-611b2a5773,normal,,0,0
CUST-4c1c3d1f68,normal,,0,0
CUST-782dd1522f,normal,,0,0
CUST-512f36e8b3,normal,,0,0
CUST-b017144072,normal,,0,0
CUST-f01c0cf781,normal,,0,0
CUST-bfe96813ae,normal,,0,0
CUST-a9a78db5f0,normal,,0,0
CUST-c96d841d51,normal,,0,0
CUST-8cff828e0e,normal,,0,0
CUST-69a0a018cf,normal,,0,0
CUST-6db4f454f9,normal,,0,0
CUST-b6b47e1b32,normal,,0,0
CUST-ea3837e451,normal,,0,0
CUST-ef0d1158ca,normal,,0,0
CUST-f64a01d267,normal,,0,0
CUST-8d5172b27c,normal,,0,0
CUST-32afb4e906,normal,,0,0
CUST-7dc18e461c,normal,,0,0
CUST-8f77100a3c,normal,,0,0
CUST-c17524c268,normal,,0,0
CUST-628c0739c9,normal,,0,0
CUST-8c33ae3d67,normal,,0,0
CUST-ac79a2178c,normal,,0,0
CUST-fb93fb1911,normal,,0,0
CUST-11e3daf8e4,normal,,0,0
CUST-3676307432,loyal_bulk,,0,1
CUST-04381e8931,loyal_bulk,,0,1
CUST-d46b222abb,loyal_bulk,,0,1
CUST-ee4a6a11f6,loyal_bulk,,0,1
CUST-ac2afe2a2d,loyal_bulk,,0,1
CUST-8613f46037,loyal_bulk,,0,1
CUST-5c17e75748,loyal_bulk,,0,1
CUST-30cbbe7395,loyal_bulk,,0,1
CUST-739a03856c,loyal_bulk,,0,1
CUST-3d28763383,loyal_bulk,,0,1
CUST-0528fac448,loyal_bulk,,0,1
CUST-87523bbf28,loyal_bulk,,0,1
CUST-99bb21dd5b,loyal_bulk,,0,1
CUST-0e47853793,loyal_bulk,,0,1
CUST-ac497d8d2c,loyal_bulk,,0,1
CUST-ca8a1052e1,loyal_bulk,,0,1
CUST-90b3a90f21,loyal_bulk,,0,1
CUST-5e92a9ad30,loyal_bulk,,0,1
CUST-4a8503e7b2,loyal_bulk,,0,1
CUST-e6e674a047,loyal_bulk,,0,1
CUST-f8c7cf07fb,loyal_bulk,,0,1
CUST-506960e166,loyal_bulk,,0,1
CUST-45abefed92,loyal_bulk,,0,1
CUST-203981dfe2,loyal_bulk,,0,1
CUST-4f3df002c9,loyal_bulk,,0,1
CUST-38362707bd,loyal_bulk,,0,1
CUST-c4c211ebef,loyal_bulk,,0,1
CUST-4bc36a30c7,loyal_bulk,,0,1
CUST-8e8948d0c2,loyal_bulk,,0,1
CUST-bbe5f11242,loyal_bulk,,0,1
CUST-7be066a193,loyal_bulk,,0,1
CUST-9dcf7cb401,loyal_bulk,,0,1
CUST-e4480bf017,loyal_bulk,,0,1
CUST-a866980878,loyal_bulk,,0,1
CUST-1d6b40a4ca,loyal_bulk,,0,1
CUST-6de7a9f7a1,loyal_bulk,,0,1
CUST-e0348e8995,loyal_bulk,,0,1
CUST-5fd5274f93,loyal_bulk,,0,1
CUST-096b328d7c,loyal_bulk,,0,1
CUST-18ca9a658a,loyal_bulk,,0,1
CUST-d94ca91352,loyal_bulk,,0,1
CUST-ed422e6094,loyal_bulk,,0,1
CUST-33b44aa072,loyal_bulk,,0,1
CUST-9785e57859,loyal_bulk,,0,1
CUST-c5b407e34a,loyal_bulk,,0,1
CUST-bd70da2a5c,loyal_bulk,,0,1
CUST-2ad523a905,loyal_bulk,,0,1
CUST-c58790179e,loyal_bulk,,0,1
CUST-a32ff9ae93,loyal_bulk,,0,1
CUST-e627c4aef5,loyal_bulk,,0,1
CUST-38d7881208,loyal_bulk,,0,1
CUST-fd92f05788,loyal_bulk,,0,1
CUST-63d4f339d1,loyal_bulk,,0,1
CUST-7bdd38a547,loyal_bulk,,0,1
CUST-e5839b7881,loyal_bulk,,0,1
CUST-fb11a406de,loyal_bulk,,0,1
CUST-23f026be15,loyal_bulk,,0,1
CUST-eb064eeb8a,loyal_bulk,,0,1
CUST-e214e9a689,loyal_bulk,,0,1
CUST-6e40a01ddb,loyal_bulk,,0,1
CUST-c962820204,loyal_bulk,,0,1
CUST-5be3eb308e,loyal_bulk,,0,1
CUST-01886ec27b,loyal_bulk,,0,1
CUST-c68821a7dd,loyal_bulk,,0,1
CUST-1b88d0c4db,loyal_bulk,,0,1
CUST-e10305ead5,loyal_bulk,,0,1
CUST-50640b3d3f,loyal_bulk,,0,1
CUST-5322df03b2,loyal_bulk,,0,1
CUST-f4c1b98082,loyal_bulk,,0,1
CUST-0c36502f62,loyal_bulk,,0,1
CUST-5c40ffc1fc,loyal_bulk,,0,1
CUST-a772c6ba90,loyal_bulk,,0,1
CUST-b134431329,loyal_bulk,,0,1
CUST-7b2d948fc4,loyal_bulk,,0,1
CUST-f62904fa6d,loyal_bulk,,0,1
CUST-a7081ab8df,loyal_bulk,,0,1
CUST-dafb7ed125,loyal_bulk,,0,1
CUST-f2b94f85a6,loyal_bulk,,0,1
CUST-7f676d6908,loyal_bulk,,0,1
CUST-46b90d7185,loyal_bulk,,0,1
CUST-545f25437c,loyal_bulk,,0,1
CUST-18753a2df7,loyal_bulk,,0,1
CUST-9b36b3dce2,loyal_bulk,,0,1
CUST-002fc87a6c,loyal_bulk,,0,1
CUST-a07226ee6c,loyal_bulk,,0,1
CUST-9b0af9bd3e,loyal_bulk,,0,1
CUST-bc0bba97cf,loyal_bulk,,0,1
CUST-467b31ebaf,loyal_bulk,,0,1
CUST-c0000b102a,loyal_bulk,,0,1
CUST-2dc03159c0,loyal_bulk,,0,1
CUST-be53ee42b2,loyal_bulk,,0,1
CUST-043307be1a,loyal_bulk,,0,1
CUST-aef572b936,loyal_bulk,,0,1
CUST-668c7c5192,loyal_bulk,,0,1
CUST-ccfe221d44,loyal_bulk,,0,1
CUST-5b1503d1fa,loyal_bulk,,0,1
CUST-533e65f78d,loyal_bulk,,0,1
CUST-00881d0b50,loyal_bulk,,0,1
CUST-6ceabc9c36,loyal_bulk,,0,1
CUST-aca44854d2,loyal_bulk,,0,1
CUST-9b297eb138,loyal_bulk,,0,1
CUST-1ba94095f7,loyal_bulk,,0,1
CUST-d5dee83399,loyal_bulk,,0,1
CUST-88c7e18c4c,loyal_bulk,,0,1
CUST-8d69035d80,loyal_bulk,,0,1
CUST-421e87efef,loyal_bulk,,0,1
CUST-619427c013,loyal_bulk,,0,1
CUST-0e8fd33634,loyal_bulk,,0,1
CUST-6b3e750385,loyal_bulk,,0,1
CUST-ef50923e54,loyal_bulk,,0,1
CUST-a8fdda170d,loyal_bulk,,0,1
CUST-e09b4ba257,loyal_bulk,,0,1
CUST-e00e7e79e0,loyal_bulk,,0,1
CUST-9ae645dcfe,loyal_bulk,,0,1
CUST-26d09f3f43,loyal_bulk,,0,1
CUST-6c5848aa10,loyal_bulk,,0,1
CUST-879ede0471,loyal_bulk,,0,1
CUST-5aef201d4a,loyal_bulk,,0,1
CUST-4b71913af6,loyal_bulk,,0,1
CUST-43d642045a,loyal_bulk,,0,1
CUST-ed87d7a9d6,loyal_bulk,,0,1
CUST-f595b84c4f,loyal_bulk,,0,1
CUST-ba6c5a3f51,loyal_bulk,,0,1
CUST-8faf3e2ea9,loyal_bulk,,0,1
CUST-0d9eb8f86b,loyal_bulk,,0,1
CUST-a3269ccee5,loyal_bulk,,0,1
CUST-650b6ee3d3,loyal_bulk,,0,1
CUST-36b2b4b079,loyal_bulk,,0,1
CUST-a97af07b80,loyal_bulk,,0,1
CUST-fceaaae6ab,loyal_bulk,,0,1
CUST-a4febaa5c2,loyal_bulk,,0,1
CUST-f85bcb261f,loyal_bulk,,0,1
CUST-773727980a,loyal_bulk,,0,1
CUST-9fb57e305a,loyal_bulk,,0,1
CUST-8200b24060,loyal_bulk,,0,1
CUST-a9c1397afe,loyal_bulk,,0,1
CUST-b9f46f71d0,loyal_bulk,,0,1
CUST-53dc8b65c8,loyal_bulk,,0,1
CUST-6fc6c86092,loyal_bulk,,0,1
CUST-c16bcfccd9,loyal_bulk,,0,1
CUST-7052f6f78c,loyal_bulk,,0,1
CUST-6592be32fe,loyal_bulk,,0,1
CUST-13250c70aa,loyal_bulk,,0,1
CUST-8f5c1c36ca,loyal_bulk,,0,1
CUST-c2375e6f61,loyal_bulk,,0,1
CUST-9bec949d08,loyal_bulk,,0,1
CUST-d8b64cfd02,loyal_bulk,,0,1
CUST-8fc1aeb6e1,loyal_bulk,,0,1
CUST-80f77b9be0,loyal_bulk,,0,1
CUST-c9ed419fc6,loyal_bulk,,0,1
CUST-a1daaa2b35,loyal_bulk,,0,1
CUST-43c13b8317,loyal_bulk,,0,1
CUST-3f785ff7a6,loyal_bulk,,0,1
CUST-cb5dc67f75,loyal_bulk,,0,1
CUST-04db34db5c,loyal_bulk,,0,1
CUST-6765f90e1e,loyal_bulk,,0,1
CUST-1f26699dbc,loyal_bulk,,0,1
CUST-4b717bb5f2,loyal_bulk,,0,1
CUST-04f95e45df,loyal_bulk,,0,1
CUST-0771ed9b71,loyal_bulk,,0,1
CUST-681a76a14b,loyal_bulk,,0,1
CUST-13b1d73c33,loyal_bulk,,0,1
CUST-72f120ae27,loyal_bulk,,0,1
CUST-b4409c34d6,loyal_bulk,,0,1
CUST-9e7d37cf73,loyal_bulk,,0,1
CUST-f82134ab52,loyal_bulk,,0,1
CUST-9a989f9aa3,loyal_bulk,,0,1
CUST-9eaae6aff2,loyal_bulk,,0,1
CUST-423c6f7143,loyal_bulk,,0,1
CUST-afaa86b040,loyal_bulk,,0,1
CUST-87e7c57fa5,loyal_bulk,,0,1
CUST-8b2393f92b,loyal_bulk,,0,1
CUST-b3c8c98fcb,loyal_bulk,,0,1
CUST-dd017900b9,loyal_bulk,,0,1
CUST-9215bec224,loyal_bulk,,0,1
CUST-4a4123ea2d,loyal_bulk,,0,1
CUST-4e21aede37,loyal_bulk,,0,1
CUST-98f346d91e,loyal_bulk,,0,1
CUST-1b86459601,loyal_bulk,,0,1
CUST-f53d5a46ce,loyal_bulk,,0,1
CUST-2c8d0810d3,loyal_bulk,,0,1
CUST-427ec123e1,loyal_bulk,,0,1
CUST-2d79a718ce,loyal_bulk,,0,1
CUST-8d9426e3e9,loyal_bulk,,0,1
CUST-0bf1610aee,loyal_bulk,,0,1
CUST-b1eb4c1957,loyal_bulk,,0,1
CUST-84bde35a6e,loyal_bulk,,0,1
CUST-f6b0a3949d,loyal_bulk,,0,1
CUST-d7590a7fb3,loyal_bulk,,0,1
CUST-d28e6dfc5d,loyal_bulk,,0,1
CUST-bc14fb6cf1,loyal_bulk,,0,1
CUST-c1b252428b,loyal_bulk,,0,1
CUST-fd8cd5f769,loyal_bulk,,0,1
CUST-502459e167,loyal_bulk,,0,1
CUST-fad9f95ef2,loyal_bulk,,0,1
CUST-e9350f51b0,loyal_bulk,,0,1
CUST-7415ce58aa,loyal_bulk,,0,1
CUST-ec4bf9b1ed,loyal_bulk,,0,1
CUST-9353b7fe3f,loyal_bulk,,0,1
CUST-c4e33254fb,loyal_bulk,,0,1
CUST-8e4a86a540,loyal_bulk,,0,1
CUST-79e0903590,loyal_bulk,,0,1
CUST-d9d8f9c1ea,loyal_bulk,,0,1
CUST-7d3c4cf818,loyal_bulk,,0,1
CUST-fa682d6285,loyal_bulk,,0,1
CUST-f8cbffed7c,loyal_bulk,,0,1
CUST-5a33d4d705,loyal_bulk,,0,1
CUST-97e0ede347,loyal_bulk,,0,1
CUST-ef14944fea,loyal_bulk,,0,1
CUST-77c651abfb,loyal_bulk,,0,1
CUST-261d2feebe,loyal_bulk,,0,1
CUST-ce4d6a3769,loyal_bulk,,0,1
CUST-c69b98f77a,loyal_bulk,,0,1
CUST-28877c62ec,loyal_bulk,,0,1
CUST-27fc54b8d8,loyal_bulk,,0,1
CUST-1ffce2f0e2,loyal_bulk,,0,1
CUST-b0014f2e3e,loyal_bulk,,0,1
CUST-e4c5fc53f9,loyal_bulk,,0,1
CUST-158f90f9cb,loyal_bulk,,0,1
CUST-877b0740a5,loyal_bulk,,0,1
CUST-6fdd6c6d36,loyal_bulk,,0,1
CUST-643800f58a,loyal_bulk,,0,1
CUST-a8f0a65cc3,loyal_bulk,,0,1
CUST-2f4939255c,loyal_bulk,,0,1
CUST-6d31f9d278,loyal_bulk,,0,1
CUST-3c0d1fd207,loyal_bulk,,0,1
CUST-abcd9091cc,loyal_bulk,,0,1
CUST-8c20c92c0e,loyal_bulk,,0,1
CUST-2cdbdfada8,loyal_bulk,,0,1
CUST-3a2cc9797b,loyal_bulk,,0,1
CUST-55ce42fe5c,loyal_bulk,,0,1
CUST-4c47b5a857,loyal_bulk,,0,1
CUST-3b946e773c,loyal_bulk,,0,1
CUST-aa7765549b,loyal_bulk,,0,1
CUST-a3856713cc,loyal_bulk,,0,1
CUST-4bb5a5cd2c,loyal_bulk,,0,1
CUST-45c4fe8f6c,loyal_bulk,,0,1
CUST-92e5c32429,loyal_bulk,,0,1
CUST-fa3fe23900,loyal_bulk,,0,1
CUST-b105b3b961,loyal_bulk,,0,1
CUST-2b6a501fe7,loyal_bulk,,0,1
CUST-3a874fdf30,loyal_bulk,,0,1
CUST-5d4faaebf4,loyal_bulk,,0,1
CUST-4edab5e1bd,loyal_bulk,,0,1
CUST-1c554ff949,loyal_bulk,,0,1
CUST-ecdaa70da9,loyal_bulk,,0,1
CUST-aeb0886daa,loyal_bulk,,0,1
CUST-2bbf0853bc,loyal_bulk,,0,1
CUST-9a4b279194,loyal_bulk,,0,1
CUST-e7cde88770,loyal_bulk,,0,1
CUST-ab83e9f31f,shared_address_legit,,0,1
CUST-4722428245,shared_address_legit,,0,1
CUST-d08a94c3cf,shared_address_legit,,0,1
CUST-c216b35e6f,shared_address_legit,,0,1
CUST-ad10f5002b,shared_address_legit,,0,1
CUST-fdf2598253,shared_address_legit,,0,1
CUST-5278351053,shared_address_legit,,0,1
CUST-709f59fcf6,shared_address_legit,,0,1
CUST-922a79f4cb,shared_address_legit,,0,1
CUST-1bcaa7772e,shared_address_legit,,0,1
CUST-422c4b5fbb,shared_address_legit,,0,1
CUST-d935fcb914,shared_address_legit,,0,1
CUST-3fa57bd264,shared_address_legit,,0,1
CUST-5832009d1b,shared_address_legit,,0,1
CUST-b2e74672c1,shared_address_legit,,0,1
CUST-d50144037c,shared_address_legit,,0,1
CUST-2c1948b154,shared_address_legit,,0,1
CUST-ec886532ae,shared_address_legit,,0,1
CUST-675058b4fe,shared_address_legit,,0,1
CUST-8fd067da43,shared_address_legit,,0,1
CUST-a9681caf1b,shared_address_legit,,0,1
CUST-ec3a015d66,shared_address_legit,,0,1
CUST-bc24a95d4e,shared_address_legit,,0,1
CUST-dc5d350177,shared_address_legit,,0,1
CUST-95f7630d50,shared_address_legit,,0,1
CUST-c7f4e60e81,shared_address_legit,,0,1
CUST-9f7e922ae4,shared_address_legit,,0,1
CUST-5b75cd228f,shared_address_legit,,0,1
CUST-fbe117b889,shared_address_legit,,0,1
CUST-d3a5c47356,shared_address_legit,,0,1
CUST-d97cda8952,shared_address_legit,,0,1
CUST-2888b6fa02,shared_address_legit,,0,1
CUST-3ee5247526,shared_address_legit,,0,1
CUST-f15ea30b4e,shared_address_legit,,0,1
CUST-322951ae68,shared_address_legit,,0,1
CUST-b2dec5a91a,shared_address_legit,,0,1
CUST-372668eaf6,shared_address_legit,,0,1
CUST-c34793120f,shared_address_legit,,0,1
CUST-63082c47d5,shared_address_legit,,0,1
CUST-39f91aa3b8,shared_address_legit,,0,1
CUST-3663007a17,shared_address_legit,,0,1
CUST-6ce44bd26a,shared_address_legit,,0,1
CUST-3e33ace925,shared_address_legit,,0,1
CUST-571cd671e5,shared_address_legit,,0,1
CUST-660b7fd14b,shared_address_legit,,0,1
CUST-cc8ed344e5,shared_address_legit,,0,1
CUST-f399597f1e,shared_address_legit,,0,1
CUST-16098c9fe2,shared_address_legit,,0,1
CUST-c67c596bb6,shared_address_legit,,0,1
CUST-9ba8c724a9,shared_address_legit,,0,1
CUST-4cebe6c718,shared_address_legit,,0,1
CUST-4723227479,shared_address_legit,,0,1
CUST-5a8e637c48,shared_address_legit,,0,1
CUST-cbc1f9706f,shared_address_legit,,0,1
CUST-c819002d0d,shared_address_legit,,0,1
CUST-04895f15ef,shared_address_legit,,0,1
CUST-fe3ea4ac9c,shared_address_legit,,0,1
CUST-bb195ceabb,shared_address_legit,,0,1
CUST-12bc35b2ac,shared_address_legit,,0,1
CUST-f1719d1b6f,shared_address_legit,,0,1
CUST-602ac720f4,shared_address_legit,,0,1
CUST-8639e00bcf,shared_address_legit,,0,1
CUST-c56710277e,shared_address_legit,,0,1
CUST-1c5d149250,shared_address_legit,,0,1
CUST-a6b9730083,shared_address_legit,,0,1
CUST-d12a3d0a58,shared_address_legit,,0,1
CUST-81a6564828,shared_address_legit,,0,1
CUST-323ea252c6,shared_address_legit,,0,1
CUST-a007a1e1b7,shared_address_legit,,0,1
CUST-0e0600b457,shared_address_legit,,0,1
CUST-b2e86ae795,shared_address_legit,,0,1
CUST-cc41decc21,shared_address_legit,,0,1
CUST-0883464945,shared_address_legit,,0,1
CUST-5e44b26bad,shared_address_legit,,0,1
CUST-77d4101cfe,shared_address_legit,,0,1
CUST-15a97b8fa4,shared_address_legit,,0,1
CUST-9a6483b7b7,shared_address_legit,,0,1
CUST-1e93b60f73,shared_address_legit,,0,1
CUST-cf91806b88,shared_address_legit,,0,1
CUST-c886240ce3,shared_address_legit,,0,1
CUST-44e2097914,shared_address_legit,,0,1
CUST-4752825af1,shared_address_legit,,0,1
CUST-dc8cad5c92,shared_address_legit,,0,1
CUST-15fd098037,shared_address_legit,,0,1
CUST-01e484db42,shared_address_legit,,0,1
CUST-fdfdba6c65,shared_address_legit,,0,1
CUST-c0d80d76e2,shared_address_legit,,0,1
CUST-8b748cac55,shared_address_legit,,0,1
CUST-792e070967,shared_address_legit,,0,1
CUST-d0b821ab5d,shared_address_legit,,0,1
CUST-84b5f4a242,shared_address_legit,,0,1
CUST-4f6a97a5c8,shared_address_legit,,0,1
CUST-967332d903,shared_address_legit,,0,1
CUST-054c009634,shared_address_legit,,0,1
CUST-29d9082c74,shared_address_legit,,0,1
CUST-ed69fddda0,shared_address_legit,,0,1
CUST-a84136c78b,shared_address_legit,,0,1
CUST-4393f5cad6,shared_address_legit,,0,1
CUST-d991733598,shared_address_legit,,0,1
CUST-c729768ddc,shared_address_legit,,0,1
CUST-b99e36d31c,shared_address_legit,,0,1
CUST-0e96c570b5,shared_address_legit,,0,1
CUST-4ebb6a646b,shared_address_legit,,0,1
CUST-62a6776a5e,shared_address_legit,,0,1
CUST-1bdc2f2e14,shared_address_legit,,0,1
CUST-82d4d39d7d,shared_address_legit,,0,1
CUST-cad85d93c1,shared_address_legit,,0,1
CUST-35918ac3b7,shared_address_legit,,0,1
CUST-9518f64906,shared_address_legit,,0,1
CUST-138e73e1d3,shared_address_legit,,0,1
CUST-6bf707d50c,shared_address_legit,,0,1
CUST-2a4459ecf3,shared_address_legit,,0,1
CUST-207bfb4582,shared_address_legit,,0,1
CUST-1edf31d218,shared_address_legit,,0,1
CUST-f161027b94,shared_address_legit,,0,1
CUST-cbb9877f10,shared_address_legit,,0,1
CUST-d6c37913a9,shared_address_legit,,0,1
CUST-f877c2c8f1,shared_address_legit,,0,1
CUST-31496017b2,shared_address_legit,,0,1
CUST-7f17f4776f,shared_address_legit,,0,1
CUST-c089013080,shared_address_legit,,0,1
CUST-a641276b81,shared_address_legit,,0,1
CUST-691bf979d7,shared_address_legit,,0,1
CUST-621329139f,shared_address_legit,,0,1
CUST-cfd0e14cef,shared_address_legit,,0,1
CUST-5cb47b9070,shared_address_legit,,0,1
CUST-adf1b9967a,shared_address_legit,,0,1
CUST-c1ba326c96,shared_address_legit,,0,1
CUST-2a12d5e301,shared_address_legit,,0,1
CUST-817209ba40,shared_address_legit,,0,1
CUST-31aa5813b6,shared_address_legit,,0,1
CUST-ccf25b8bd0,shared_address_legit,,0,1
CUST-28062f4711,shared_address_legit,,0,1
CUST-b388dbfc86,shared_address_legit,,0,1
CUST-2bd691a69d,shared_address_legit,,0,1
CUST-301d1174a5,shared_address_legit,,0,1
CUST-c2d2cff2f7,shared_address_legit,,0,1
CUST-790d9c6527,shared_address_legit,,0,1
CUST-c7d7aec4d5,shared_address_legit,,0,1
CUST-59c84f88d9,shared_address_legit,,0,1
CUST-dcc0eaca06,shared_address_legit,,0,1
CUST-6debd7ff97,shared_address_legit,,0,1
CUST-1394b5c9b7,shared_address_legit,,0,1
CUST-fca05db967,shared_address_legit,,0,1
CUST-769e6e1829,shared_address_legit,,0,1
CUST-5c00340f77,shared_address_legit,,0,1
CUST-0f614c2008,shared_address_legit,,0,1
CUST-000c6cd7e1,shared_address_legit,,0,1
CUST-af7bf484b8,shared_address_legit,,0,1
CUST-bd2519d00d,shared_address_legit,,0,1
CUST-43f56656b9,shared_address_legit,,0,1
CUST-4e886192fe,shared_address_legit,,0,1
CUST-539d4911e1,shared_address_legit,,0,1
CUST-27145c7921,shared_address_legit,,0,1
CUST-48b1ee58e2,shared_address_legit,,0,1
CUST-fdd15f8cec,shared_address_legit,,0,1
CUST-891a441884,shared_address_legit,,0,1
CUST-484f715599,shared_address_legit,,0,1
CUST-28e6bc2117,shared_address_legit,,0,1
CUST-d8a5de6059,shared_address_legit,,0,1
CUST-460309cd00,shared_address_legit,,0,1
CUST-042b3e800e,shared_address_legit,,0,1
CUST-f286bb0458,shared_address_legit,,0,1
CUST-fb156bfa62,shared_address_legit,,0,1
CUST-90620de48d,shared_address_legit,,0,1
CUST-0c308eee65,shared_address_legit,,0,1
CUST-5d2c935f97,shared_address_legit,,0,1
CUST-a3ce660665,shared_address_legit,,0,1
CUST-4ed8d68565,shared_address_legit,,0,1
CUST-00d67974bb,shared_address_legit,,0,1
CUST-068365912d,shared_address_legit,,0,1
CUST-1343346eaa,shared_address_legit,,0,1
CUST-03fd74e24a,shared_address_legit,,0,1
CUST-af2f89d0c9,shared_address_legit,,0,1
CUST-45c00a7f5e,shared_address_legit,,0,1
CUST-a71fe0d17d,shared_address_legit,,0,1
CUST-5480265280,shared_address_legit,,0,1
CUST-14853d02bf,shared_address_legit,,0,1
CUST-6f7e1ac937,shared_address_legit,,0,1
CUST-b252c4d64d,shared_address_legit,,0,1
CUST-fbed5e630a,shared_address_legit,,0,1
CUST-b7bf0be8a5,shared_address_legit,,0,1
CUST-e5f1551b9b,shared_address_legit,,0,1
CUST-d9ec1c6dd4,shared_address_legit,,0,1
CUST-f729d7c3f2,shared_address_legit,,0,1
CUST-3e26fe1679,shared_address_legit,,0,1
CUST-a572504a16,shared_address_legit,,0,1
CUST-e4a7090a04,shared_address_legit,,0,1
CUST-abd489ca75,shared_address_legit,,0,1
CUST-0b18848f79,shared_address_legit,,0,1
CUST-3b7f5e643e,shared_address_legit,,0,1
CUST-930b51729d,shared_address_legit,,0,1
CUST-173905dcfa,shared_address_legit,,0,1
CUST-a879fe0ef5,shared_address_legit,,0,1
CUST-0d9c3d46de,shared_address_legit,,0,1
CUST-b858c67a99,shared_address_legit,,0,1
CUST-b84b82eb57,shared_address_legit,,0,1
CUST-3f4d94efe8,shared_address_legit,,0,1
CUST-1bffb7c901,shared_address_legit,,0,1
CUST-1ab59e729f,shared_address_legit,,0,1
CUST-55ffffbd72,shared_address_legit,,0,1
CUST-77f8577711,shared_address_legit,,0,1
CUST-61a07f421d,shared_address_legit,,0,1
CUST-e365352f98,shared_address_legit,,0,1
CUST-0200528457,shared_address_legit,,0,1
CUST-d0be6b50ff,shared_address_legit,,0,1
CUST-6995a019a4,shared_address_legit,,0,1
CUST-bb209d12c3,solo_reseller,,1,0
CUST-2d4a38c351,solo_reseller,,1,0
CUST-bba524b8a6,solo_reseller,,1,0
CUST-24eb034e47,solo_reseller,,1,0
CUST-da651ae70f,solo_reseller,,1,0
CUST-5b38b70dfb,solo_reseller,,1,0
CUST-3db88a0690,solo_reseller,,1,0
CUST-6a6ccf99f7,solo_reseller,,1,0
CUST-17ddf40ccb,solo_reseller,,1,0
CUST-4668e4a6ef,solo_reseller,,1,0
CUST-3afc2c3f81,solo_reseller,,1,0
CUST-fb63945497,solo_reseller,,1,0
CUST-1dff883ad7,solo_reseller,,1,0
CUST-ecb23b0577,solo_reseller,,1,0
CUST-109976b33e,solo_reseller,,1,0
CUST-d256d51c7b,solo_reseller,,1,0
CUST-104bfd4d6c,solo_reseller,,1,0
CUST-0722a053aa,solo_reseller,,1,0
CUST-157f6bc913,solo_reseller,,1,0
CUST-5a27c5a269,solo_reseller,,1,0
CUST-d76e037cc2,solo_reseller,,1,0
CUST-e8490cc90e,solo_reseller,,1,0
CUST-45b22257d6,solo_reseller,,1,0
CUST-ea6087c232,solo_reseller,,1,0
CUST-74cba0eee6,solo_reseller,,1,0
CUST-992cf67cc4,solo_reseller,,1,0
CUST-1b4d5ad4b0,solo_reseller,,1,0
CUST-0c08593337,solo_reseller,,1,0
CUST-6c96eb1daf,solo_reseller,,1,0
CUST-305afaca40,solo_reseller,,1,0
CUST-fb75daddc7,solo_reseller,,1,0
CUST-57ed1228d6,solo_reseller,,1,0
CUST-f552f0d074,solo_reseller,,1,0
CUST-08e50c5711,solo_reseller,,1,0
CUST-9638d150ba,solo_reseller,,1,0
CUST-b69d3e59f5,solo_reseller,,1,0
CUST-373a11d9fb,solo_reseller,,1,0
CUST-934355bc9e,solo_reseller,,1,0
CUST-d843fdb085,solo_reseller,,1,0
CUST-93164a0d2a,solo_reseller,,1,0
CUST-87e2aed11e,solo_reseller,,1,0
CUST-a48781ad4d,solo_reseller,,1,0
CUST-f1aa8b7d3d,solo_reseller,,1,0
CUST-48beeaea80,solo_reseller,,1,0
CUST-b28cac734e,solo_reseller,,1,0
CUST-45f0332ddb,solo_reseller,,1,0
CUST-8ec4d5e4fd,solo_reseller,,1,0
CUST-19ecfd3f34,solo_reseller,,1,0
CUST-c2c59cb98f,solo_reseller,,1,0
CUST-cf163e928c,solo_reseller,,1,0
CUST-cc1860a31a,solo_reseller,,1,0
CUST-ca63a7d6f8,solo_reseller,,1,0
CUST-f3c0bdd21e,solo_reseller,,1,0
CUST-6c4a465be3,solo_reseller,,1,0
CUST-24b517e65a,solo_reseller,,1,0
CUST-e93e0fced1,solo_reseller,,1,0
CUST-f7cd9a71d2,solo_reseller,,1,0
CUST-0660d45121,solo_reseller,,1,0
CUST-1664ec8b0b,solo_reseller,,1,0
CUST-6133a2e49e,solo_reseller,,1,0
CUST-a461d4c7f6,solo_reseller,,1,0
CUST-ccd67bfb89,solo_reseller,,1,0
CUST-e9130ca0e4,solo_reseller,,1,0
CUST-42c0791836,solo_reseller,,1,0
CUST-f8472d96bd,solo_reseller,,1,0
CUST-0e847494d5,solo_reseller,,1,0
CUST-43d2f9d121,solo_reseller,,1,0
CUST-d92c83dbed,solo_reseller,,1,0
CUST-4a9f89e5b4,solo_reseller,,1,0
CUST-6c5d0d73cc,solo_reseller,,1,0
CUST-8ef8df15d7,solo_reseller,,1,0
CUST-daccb663df,solo_reseller,,1,0
CUST-4a362b6d0f,solo_reseller,,1,0
CUST-f34abc8acf,solo_reseller,,1,0
CUST-a265c5984e,solo_reseller,,1,0
CUST-28574c49ed,solo_reseller,,1,0
CUST-fcb9ad7a7c,solo_reseller,,1,0
CUST-f83f700768,solo_reseller,,1,0
CUST-ef80a5fa39,solo_reseller,,1,0
CUST-0d3f6422a5,solo_reseller,,1,0
CUST-a29c6a32b4,solo_reseller,,1,0
CUST-2440cc140b,solo_reseller,,1,0
CUST-b79110821e,solo_reseller,,1,0
CUST-cd6d671916,solo_reseller,,1,0
CUST-87913b3d75,solo_reseller,,1,0
CUST-69a8e455d5,solo_reseller,,1,0
CUST-a6bd13d75f,solo_reseller,,1,0
CUST-230752c6b2,solo_reseller,,1,0
CUST-6f29878926,solo_reseller,,1,0
CUST-32193fae95,solo_reseller,,1,0
CUST-ef63ebd116,solo_reseller,,1,0
CUST-ac03e48779,solo_reseller,,1,0
CUST-e4866bccfd,solo_reseller,,1,0
CUST-31dfa36f22,solo_reseller,,1,0
CUST-f4642f086d,solo_reseller,,1,0
CUST-1ee7f8d683,solo_reseller,,1,0
CUST-8d08e27f5c,solo_reseller,,1,0
CUST-dee9c5ba0c,solo_reseller,,1,0
CUST-36139c966a,solo_reseller,,1,0
CUST-d979ab7a3d,solo_reseller,,1,0
CUST-8f1816936e,solo_reseller,,1,0
CUST-a15d9c284d,solo_reseller,,1,0
CUST-6b979b59f3,solo_reseller,,1,0
CUST-5025c13b40,solo_reseller,,1,0
CUST-5841b78c1e,solo_reseller,,1,0
CUST-998aa7ba85,solo_reseller,,1,0
CUST-1447d9d665,solo_reseller,,1,0
CUST-4ada84ed19,solo_reseller,,1,0
CUST-5af8f213b1,solo_reseller,,1,0
CUST-79cf5d5408,solo_reseller,,1,0
CUST-c6abc3f1e1,solo_reseller,,1,0
CUST-79b3611c1c,solo_reseller,,1,0
CUST-9d4900be74,solo_reseller,,1,0
CUST-730647a9d0,solo_reseller,,1,0
CUST-86a0c9d785,solo_reseller,,1,0
CUST-64ce243121,solo_reseller,,1,0
CUST-8ab13f8330,solo_reseller,,1,0
CUST-4ab7728aa2,solo_reseller,,1,0
CUST-4ded794896,solo_reseller,,1,0
CUST-64d20ba39f,solo_reseller,,1,0
CUST-636e878593,solo_reseller,,1,0
CUST-e7784ecbce,solo_reseller,,1,0
CUST-98f856fdcb,solo_reseller,,1,0
CUST-bd404de4fb,solo_reseller,,1,0
CUST-f71fd75ed6,solo_reseller,,1,0
CUST-61dbbd36cb,solo_reseller,,1,0
CUST-310e7ff50e,solo_reseller,,1,0
CUST-4cde5703ce,solo_reseller,,1,0
CUST-e30a43e75b,solo_reseller,,1,0
CUST-c827b05b4a,solo_reseller,,1,0
CUST-9b5e858bd9,solo_reseller,,1,0
CUST-d00d8db259,solo_reseller,,1,0
CUST-adca82b50a,solo_reseller,,1,0
CUST-be2fbb5c96,solo_reseller,,1,0
CUST-8ff5ad1c7b,solo_reseller,,1,0
CUST-1e6cfb41e1,solo_reseller,,1,0
CUST-6732109f2f,solo_reseller,,1,0
CUST-e1dbe1f39b,solo_reseller,,1,0
CUST-45dc1e15e1,solo_reseller,,1,0
CUST-fab662b350,solo_reseller,,1,0
CUST-ff0aa5ba26,solo_reseller,,1,0
CUST-8418da0100,solo_reseller,,1,0
CUST-cd42943205,solo_reseller,,1,0
CUST-b2dae9c525,solo_reseller,,1,0
CUST-920638e889,solo_reseller,,1,0
CUST-2e605c8508,solo_reseller,,1,0
CUST-34ad1e9055,solo_reseller,,1,0
CUST-d006698363,solo_reseller,,1,0
CUST-99ed553308,solo_reseller,,1,0
CUST-60a2290fd1,solo_reseller,,1,0
CUST-49fa8c2812,solo_reseller,,1,0
CUST-581bf55cbd,solo_reseller,,1,0
CUST-db23a58db6,solo_reseller,,1,0
CUST-5aeea44ac2,solo_reseller,,1,0
CUST-0b7c240514,solo_reseller,,1,0
CUST-dbc416a9e6,solo_reseller,,1,0
CUST-c668819d77,solo_reseller,,1,0
CUST-9688650e89,solo_reseller,,1,0
CUST-fed597f419,solo_reseller,,1,0
CUST-f42d90f970,solo_reseller,,1,0
CUST-d71f431002,solo_reseller,,1,0
CUST-123bb6acab,solo_reseller,,1,0
CUST-1099d8db70,solo_reseller,,1,0
CUST-1eebe7271f,solo_reseller,,1,0
CUST-2259e0aa6c,solo_reseller,,1,0
CUST-48b530941d,solo_reseller,,1,0
CUST-1ce256fc9b,solo_reseller,,1,0
CUST-131cf45903,solo_reseller,,1,0
CUST-854beae0fd,solo_reseller,,1,0
CUST-58559a7e31,solo_reseller,,1,0
CUST-f12fd3a834,solo_reseller,,1,0
CUST-c8605cb13a,solo_reseller,,1,0
CUST-666fc99c39,solo_reseller,,1,0
CUST-cdfde4da9b,solo_reseller,,1,0
CUST-75211a5143,solo_reseller,,1,0
CUST-73f7c927cc,solo_reseller,,1,0
CUST-9e1d5d5b35,solo_reseller,,1,0
CUST-3c476eb6f0,solo_reseller,,1,0
CUST-b3f814508c,solo_reseller,,1,0
CUST-83567cd236,solo_reseller,,1,0
CUST-34befafd0f,solo_reseller,,1,0
CUST-8f9e705ddc,solo_reseller,,1,0
CUST-8e8cb7a9d6,solo_reseller,,1,0
CUST-b24b320542,solo_reseller,,1,0
CUST-1e76f31c61,solo_reseller,,1,0
CUST-443a700f8f,solo_reseller,,1,0
CUST-654db864e7,solo_reseller,,1,0
CUST-4d23c9d593,solo_reseller,,1,0
CUST-531070a400,solo_reseller,,1,0
CUST-7d4d6e02e6,solo_reseller,,1,0
CUST-bb1f6d1513,solo_reseller,,1,0
CUST-9542772351,solo_reseller,,1,0
CUST-5402445287,solo_reseller,,1,0
CUST-f3dc03820d,solo_reseller,,1,0
CUST-c2b6224267,solo_reseller,,1,0
CUST-29a73287a0,solo_reseller,,1,0
CUST-9b98fac608,solo_reseller,,1,0
CUST-2e8b74871a,solo_reseller,,1,0
CUST-30c86e737d,solo_reseller,,1,0
CUST-6b79fa4cb0,solo_reseller,,1,0
CUST-3032c670d3,solo_reseller,,1,0
CUST-5c58ec6631,solo_reseller,,1,0
CUST-55e95eefa0,solo_reseller,,1,0
CUST-2932580980,solo_reseller,,1,0
CUST-6fe28dee36,solo_reseller,,1,0
CUST-3893c92c8c,solo_reseller,,1,0
CUST-8925911f53,solo_reseller,,1,0
CUST-9006709d1d,solo_reseller,,1,0
CUST-142db6c9c8,solo_reseller,,1,0
CUST-db5b50d94f,solo_reseller,,1,0
CUST-89d10567a6,solo_reseller,,1,0
CUST-4f65b5700e,solo_reseller,,1,0
CUST-985d7e0e11,solo_reseller,,1,0
CUST-9ddc99f845,solo_reseller,,1,0
CUST-c8ca5297df,solo_reseller,,1,0
CUST-9242f73ed5,solo_reseller,,1,0
CUST-bb6a6b7566,solo_reseller,,1,0
CUST-7840db2487,solo_reseller,,1,0
CUST-afd7f6f42b,solo_reseller,,1,0
CUST-75ce7e1ab9,solo_reseller,,1,0
CUST-cb39019d38,solo_reseller,,1,0
CUST-15c9f297b2,solo_reseller,,1,0
CUST-4d708df72f,solo_reseller,,1,0
CUST-aebb4a6d4e,solo_reseller,,1,0
CUST-bdac272cb2,solo_reseller,,1,0
CUST-288266148b,solo_reseller,,1,0
CUST-44467fa83a,solo_reseller,,1,0
CUST-35e851ca72,solo_reseller,,1,0
CUST-6869a4ec31,solo_reseller,,1,0
CUST-b482468a6c,solo_reseller,,1,0
CUST-4248efe105,stealth_reseller,,1,0
CUST-7946e6dbbc,stealth_reseller,,1,0
CUST-593025a88a,stealth_reseller,,1,0
CUST-05c4a04ffa,stealth_reseller,,1,0
CUST-24b97a0bde,stealth_reseller,,1,0
CUST-084ee2afe7,stealth_reseller,,1,0
CUST-40657b80cb,stealth_reseller,,1,0
CUST-f881604245,stealth_reseller,,1,0
CUST-f045f1b4d2,stealth_reseller,,1,0
CUST-4fcae083ba,stealth_reseller,,1,0
CUST-6628c2dc5c,stealth_reseller,,1,0
CUST-a33f00d483,stealth_reseller,,1,0
CUST-3e69bcb8f6,stealth_reseller,,1,0
CUST-0f796fe73b,stealth_reseller,,1,0
CUST-c30ee72bb9,stealth_reseller,,1,0
CUST-0b55080a4b,stealth_reseller,,1,0
CUST-b9f30f78f9,stealth_reseller,,1,0
CUST-c250e63a0f,stealth_reseller,,1,0
CUST-0cdef9fe7e,stealth_reseller,,1,0
CUST-49aebfd27d,stealth_reseller,,1,0
CUST-e778a1f21c,stealth_reseller,,1,0
CUST-588fa69ca1,stealth_reseller,,1,0
CUST-548c764e45,stealth_reseller,,1,0
CUST-d52cd78e77,stealth_reseller,,1,0
CUST-69e32cc9d0,stealth_reseller,,1,0
CUST-d33d2d6aa9,stealth_reseller,,1,0
CUST-b3216d74e8,stealth_reseller,,1,0
CUST-b330233148,stealth_reseller,,1,0
CUST-b465ade508,stealth_reseller,,1,0
CUST-bfbae52aa2,stealth_reseller,,1,0
CUST-e70fc0b9ed,stealth_reseller,,1,0
CUST-b4beacbbef,stealth_reseller,,1,0
CUST-68556d3630,stealth_reseller,,1,0
CUST-719778ca96,stealth_reseller,,1,0
CUST-2ea16593f9,stealth_reseller,,1,0
CUST-079c93268f,stealth_reseller,,1,0
CUST-e717a23f08,stealth_reseller,,1,0
CUST-282725f71e,stealth_reseller,,1,0
CUST-4374afea80,stealth_reseller,,1,0
CUST-25acf1df88,stealth_reseller,,1,0
CUST-a71296a912,stealth_reseller,,1,0
CUST-2e1b8147c0,stealth_reseller,,1,0
CUST-035ab7a52f,stealth_reseller,,1,0
CUST-3267d3e233,stealth_reseller,,1,0
CUST-d88b04aea0,stealth_reseller,,1,0
CUST-34badf48e0,stealth_reseller,,1,0
CUST-e57c6753e7,stealth_reseller,,1,0
CUST-ccba97b606,stealth_reseller,,1,0
CUST-3a888d985d,stealth_reseller,,1,0
CUST-218b7a9d2d,stealth_reseller,,1,0
CUST-9ed38e234b,stealth_reseller,,1,0
CUST-a333e7c9cb,stealth_reseller,,1,0
CUST-cee6bc5f3f,stealth_reseller,,1,0
CUST-51d0153057,stealth_reseller,,1,0
CUST-1dc87f08ef,stealth_reseller,,1,0
CUST-43d156b65f,stealth_reseller,,1,0
CUST-9289cc6ba4,stealth_reseller,,1,0
CUST-3dcbfba770,stealth_reseller,,1,0
CUST-239fb2e528,stealth_reseller,,1,0
CUST-bfd1752ebc,stealth_reseller,,1,0
CUST-534fbb5042,stealth_reseller,,1,0
CUST-39febbb33d,stealth_reseller,,1,0
CUST-9a03b6ef84,stealth_reseller,,1,0
CUST-373df27877,stealth_reseller,,1,0
CUST-3fadcb25f4,stealth_reseller,,1,0
CUST-0ac6a2e90e,stealth_reseller,,1,0
CUST-cdcb1d1c15,stealth_reseller,,1,0
CUST-988865a0cd,stealth_reseller,,1,0
CUST-67cd32f36c,stealth_reseller,,1,0
CUST-dc71e6844e,stealth_reseller,,1,0
CUST-d4aad9ab19,stealth_reseller,,1,0
CUST-db0f3b2255,stealth_reseller,,1,0
CUST-38c42d5a3e,stealth_reseller,,1,0
CUST-b456617f63,stealth_reseller,,1,0
CUST-2806f61a26,stealth_reseller,,1,0
CUST-45dea62673,stealth_reseller,,1,0
CUST-d892cba9a3,stealth_reseller,,1,0
CUST-266bd1da1f,stealth_reseller,,1,0
CUST-04f11a0857,stealth_reseller,,1,0
CUST-1bcdd3f804,stealth_reseller,,1,0
CUST-0aa53618ee,stealth_reseller,,1,0
CUST-5f87163669,stealth_reseller,,1,0
CUST-1680df50f3,stealth_reseller,,1,0
CUST-7df94550c3,stealth_reseller,,1,0
CUST-9d8727147c,stealth_reseller,,1,0
CUST-4cddd6be7b,stealth_reseller,,1,0
CUST-158a1f78f0,stealth_reseller,,1,0
CUST-12b3bd1420,stealth_reseller,,1,0
CUST-6f1de2a8e2,stealth_reseller,,1,0
CUST-2c5ec20a4a,stealth_reseller,,1,0
CUST-74122c44f5,ring_reseller,RING-9bb88083af,1,0
CUST-1c311173d9,ring_reseller,RING-9bb88083af,1,0
CUST-ee0e301d17,ring_reseller,RING-9bb88083af,1,0
CUST-6955d1b180,ring_reseller,RING-9bb88083af,1,0
CUST-5daae84170,ring_reseller,RING-9bb88083af,1,0
CUST-cc6a68a9e9,ring_reseller,RING-06d8b262ec,1,0
CUST-adbd7294fb,ring_reseller,RING-06d8b262ec,1,0
CUST-b2a10d665f,ring_reseller,RING-17a56e2a22,1,0
CUST-c202ce57ed,ring_reseller,RING-17a56e2a22,1,0
CUST-a0907c867d,ring_reseller,RING-17a56e2a22,1,0
CUST-79dbc89cd1,ring_reseller,RING-17a56e2a22,1,0
CUST-efef8022f1,ring_reseller,RING-17a56e2a22,1,0
CUST-b27653748f,ring_reseller,RING-17a56e2a22,1,0
CUST-4669af3765,ring_reseller,RING-9c97121593,1,0
CUST-aecf254a11,ring_reseller,RING-9c97121593,1,0
CUST-342f1c3046,ring_reseller,RING-9c97121593,1,0
CUST-2741f778f6,ring_reseller,RING-fcade8748e,1,0
CUST-f80699aff6,ring_reseller,RING-fcade8748e,1,0
CUST-efd9130b68,ring_reseller,RING-8fe1ddd43f,1,0
CUST-ce5b5862ae,ring_reseller,RING-8fe1ddd43f,1,0
CUST-3175a01d3d,ring_reseller,RING-8fe1ddd43f,1,0
CUST-2772b1f991,ring_reseller,RING-423e0f2ccd,1,0
CUST-76e8fc7e19,ring_reseller,RING-423e0f2ccd,1,0
CUST-4b120965c0,ring_reseller,RING-423e0f2ccd,1,0
CUST-976b22e2fe,ring_reseller,RING-423e0f2ccd,1,0
CUST-0361eec1a4,ring_reseller,RING-423e0f2ccd,1,0
CUST-a8dac42552,ring_reseller,RING-423e0f2ccd,1,0
CUST-b670da9ac5,ring_reseller,RING-876f98f525,1,0
CUST-72440900d0,ring_reseller,RING-876f98f525,1,0
CUST-cca99f7653,ring_reseller,RING-876f98f525,1,0
CUST-6bece0eca8,ring_reseller,RING-876f98f525,1,0
CUST-64dac55471,ring_reseller,RING-cf09cd1da9,1,0
CUST-b50a116b58,ring_reseller,RING-cf09cd1da9,1,0
CUST-c7c3e2687c,ring_reseller,RING-32f288771b,1,0
CUST-7762954172,ring_reseller,RING-32f288771b,1,0
CUST-a83266785d,ring_reseller,RING-32f288771b,1,0
CUST-e8b2436b0f,ring_reseller,RING-32f288771b,1,0
CUST-10cec72d2e,ring_reseller,RING-1289b25276,1,0
CUST-d7901846c5,ring_reseller,RING-1289b25276,1,0
CUST-95a6c41604,ring_reseller,RING-1289b25276,1,0
CUST-ae79f7d502,ring_reseller,RING-1289b25276,1,0
CUST-dfdf1cac1a,ring_reseller,RING-1289b25276,1,0
CUST-f9a58ddbd3,ring_reseller,RING-4f86751c07,1,0
CUST-d6d5a298de,ring_reseller,RING-4f86751c07,1,0
CUST-482fd76180,ring_reseller,RING-4f86751c07,1,0
CUST-8ca6fe43ad,ring_reseller,RING-4f86751c07,1,0
CUST-41d7a00662,ring_reseller,RING-4f86751c07,1,0
CUST-fb92073e72,ring_reseller,RING-4f86751c07,1,0
CUST-4dcfaad40e,ring_reseller,RING-700b1ac5f6,1,0
CUST-722ace9446,ring_reseller,RING-700b1ac5f6,1,0
CUST-cd3d2186ad,ring_reseller,RING-700b1ac5f6,1,0
CUST-da1b3f4b64,ring_reseller,RING-700b1ac5f6,1,0
CUST-fc2ab13b14,ring_reseller,RING-700b1ac5f6,1,0
CUST-271b0dafac,ring_reseller,RING-88f6dabfa8,1,0
CUST-4366e9c21b,ring_reseller,RING-88f6dabfa8,1,0
CUST-a24b117b4f,ring_reseller,RING-88f6dabfa8,1,0
CUST-1b6edcf6f8,ring_reseller,RING-88f6dabfa8,1,0
CUST-89782e5548,ring_reseller,RING-88f6dabfa8,1,0
CUST-95141c2687,ring_reseller,RING-88f6dabfa8,1,0
CUST-4a0364182a,ring_reseller,RING-0f6b5fb25f,1,0
CUST-53cf55285e,ring_reseller,RING-0f6b5fb25f,1,0
CUST-ecde876201,ring_reseller,RING-bd904b06c0,1,0
CUST-cb50e30774,ring_reseller,RING-bd904b06c0,1,0
CUST-31e512c612,ring_reseller,RING-bd904b06c0,1,0
CUST-1d42323cd5,ring_reseller,RING-99f232bcc6,1,0
CUST-3e1029a029,ring_reseller,RING-99f232bcc6,1,0
CUST-c19744ff97,ring_reseller,RING-99f232bcc6,1,0
CUST-243288e38a,ring_reseller,RING-99f232bcc6,1,0
CUST-eb2c82bc49,ring_reseller,RING-1b363fa424,1,0
CUST-310ecff7ca,ring_reseller,RING-1b363fa424,1,0
CUST-0304fecb59,ring_reseller,RING-1b363fa424,1,0
CUST-45d9b58da7,ring_reseller,RING-1b363fa424,1,0
CUST-906093d92d,ring_reseller,RING-29b5b041c5,1,0
CUST-a3820d19ab,ring_reseller,RING-29b5b041c5,1,0
CUST-e9684f19ac,ring_reseller,RING-29b5b041c5,1,0
CUST-9f652b58cc,ring_reseller,RING-29b5b041c5,1,0
CUST-982827d6d6,ring_reseller,RING-29b5b041c5,1,0
CUST-29e51d4e0b,ring_reseller,RING-29b5b041c5,1,0
CUST-4c888862d8,ring_reseller,RING-1968061fa2,1,0
CUST-d417aa5bdc,ring_reseller,RING-1968061fa2,1,0
CUST-10c0507f85,ring_reseller,RING-1968061fa2,1,0
CUST-6e3cca8581,ring_reseller,RING-8e0894816b,1,0
CUST-b9785a1bc9,ring_reseller,RING-8e0894816b,1,0
CUST-94b25b8362,ring_reseller,RING-8e0894816b,1,0
CUST-7fdf892643,ring_reseller,RING-8e0894816b,1,0
CUST-8b4244b158,ring_reseller,RING-8e0894816b,1,0
CUST-07946868b0,ring_reseller,RING-eb41974e53,1,0
CUST-f7db278531,ring_reseller,RING-eb41974e53,1,0
CUST-0d5c71e943,ring_reseller,RING-eb41974e53,1,0
CUST-882ae9ca18,ring_reseller,RING-eb41974e53,1,0
CUST-6ed62c2198,ring_reseller,RING-426615f977,1,0
CUST-bd5f3c817b,ring_reseller,RING-426615f977,1,0
CUST-9b83f0a713,ring_reseller,RING-426615f977,1,0
CUST-264687a25e,ring_reseller,RING-426615f977,1,0
CUST-19ab36aae9,ring_reseller,RING-426615f977,1,0
CUST-54a40d30d9,ring_reseller,RING-426615f977,1,0
CUST-4b665a6b9b,ring_reseller,RING-a4aa980621,1,0
CUST-c84c3de955,ring_reseller,RING-a4aa980621,1,0
CUST-b2eae8d707,ring_reseller,RING-a4aa980621,1,0
CUST-4a7857b64a,ring_reseller,RING-a4aa980621,1,0
CUST-1c8fa59e13,ring_reseller,RING-a4aa980621,1,0
CUST-97a099178c,ring_reseller,RING-a4aa980621,1,0
CUST-e3f3753657,ring_reseller,RING-cf4aa2ea97,1,0
CUST-2dc11a6302,ring_reseller,RING-cf4aa2ea97,1,0
CUST-7e5648d5b7,ring_reseller,RING-b691fd4843,1,0
CUST-0ae3bfbd25,ring_reseller,RING-b691fd4843,1,0
CUST-497c4eaf64,ring_reseller,RING-b691fd4843,1,0
CUST-9df609a929,ring_reseller,RING-b691fd4843,1,0
CUST-e35988a6d4,ring_reseller,RING-0a895e8ef0,1,0
CUST-84633d8080,ring_reseller,RING-0a895e8ef0,1,0
CUST-82a76cd014,ring_reseller,RING-cce55b13ec,1,0
CUST-255d15b737,ring_reseller,RING-cce55b13ec,1,0
CUST-15d6f98702,ring_reseller,RING-cce55b13ec,1,0
CUST-e39d41e0e3,ring_reseller,RING-cce55b13ec,1,0
CUST-f20f002802,ring_reseller,RING-cce55b13ec,1,0
CUST-9e2a22b4b4,ring_reseller,RING-36f2b886bb,1,0
CUST-62d80ccd70,ring_reseller,RING-36f2b886bb,1,0
CUST-d2f59ea244,ring_reseller,RING-e2ab510092,1,0
CUST-013976bd1d,ring_reseller,RING-e2ab510092,1,0
CUST-cf9c7f1011,ring_reseller,RING-e2ab510092,1,0
CUST-d917f8acca,ring_reseller,RING-1eb554796d,1,0
CUST-aa230bf7b9,ring_reseller,RING-1eb554796d,1,0
CUST-5ad784a7d1,ring_reseller,RING-1eb554796d,1,0
CUST-1822527b4e,ring_reseller,RING-1eb554796d,1,0
CUST-b7d01d6e49,ring_reseller,RING-1eb554796d,1,0
CUST-0b5b3e56d4,ring_reseller,RING-1eb554796d,1,0
CUST-6b59900e71,ring_reseller,RING-b9a46d9070,1,0
CUST-bf1ae0fa16,ring_reseller,RING-b9a46d9070,1,0
CUST-52c0ed09b7,ring_reseller,RING-b9a46d9070,1,0
CUST-e115a4371a,ring_reseller,RING-df609ffa00,1,0
CUST-02207f6514,ring_reseller,RING-df609ffa00,1,0
CUST-344e9da9db,ring_reseller,RING-df609ffa00,1,0
CUST-47c66e9538,ring_reseller,RING-3250c5af1f,1,0
CUST-b6ff0c86d8,ring_reseller,RING-3250c5af1f,1,0
CUST-d44b1ec50a,ring_reseller,RING-3250c5af1f,1,0
CUST-42277b469a,ring_reseller,RING-3250c5af1f,1,0
CUST-47d5c8201f,ring_reseller,RING-3250c5af1f,1,0
CUST-b4d92157dd,ring_reseller,RING-3aaeefc583,1,0
CUST-655149ae0f,ring_reseller,RING-3aaeefc583,1,0
CUST-65dd779676,ring_reseller,RING-9b49c8a8b6,1,0
CUST-945b77d250,ring_reseller,RING-9b49c8a8b6,1,0
CUST-47c3716b0d,ring_reseller,RING-9b49c8a8b6,1,0
CUST-34411d47d1,ring_reseller,RING-9b49c8a8b6,1,0
CUST-bdb768dc9c,ring_reseller,RING-9b49c8a8b6,1,0
CUST-eba9cd03a1,ring_reseller,RING-559c175fdc,1,0
CUST-e3db29d0e4,ring_reseller,RING-559c175fdc,1,0
CUST-61e1df4a09,ring_reseller,RING-559c175fdc,1,0
CUST-05ad850aad,ring_reseller,RING-559c175fdc,1,0
CUST-ea457301aa,ring_reseller,RING-559c175fdc,1,0
CUST-494a1f79e6,ring_reseller,RING-d7aa70b2e4,1,0
CUST-34954e88b1,ring_reseller,RING-d7aa70b2e4,1,0
CUST-80b104b72c,ring_reseller,RING-d7aa70b2e4,1,0
CUST-e477b78ce5,ring_reseller,RING-d7aa70b2e4,1,0
CUST-2a76452576,ring_reseller,RING-d7aa70b2e4,1,0
CUST-26d19bf16d,ring_reseller,RING-d7aa70b2e4,1,0
CUST-3ec4355d10,ring_reseller,RING-42c7026bf6,1,0
CUST-ba21f73778,ring_reseller,RING-42c7026bf6,1,0
CUST-1fb5ed4a10,ring_reseller,RING-42c7026bf6,1,0
CUST-cb7ffbfd01,ring_reseller,RING-42c7026bf6,1,0
CUST-2460496378,ring_reseller,RING-42c7026bf6,1,0
CUST-b63e190afd,ring_reseller,RING-e53f9abdcb,1,0
CUST-aa5e1ef160,ring_reseller,RING-e53f9abdcb,1,0
CUST-2b1e61fe36,ring_reseller,RING-e53f9abdcb,1,0
CUST-3ec40b814a,ring_reseller,RING-e53f9abdcb,1,0
CUST-2a3407c326,ring_reseller,RING-e53f9abdcb,1,0
CUST-aa42e1a968,ring_reseller,RING-e53f9abdcb,1,0
CUST-5237bb3bf2,ring_reseller,RING-8b3189a6ee,1,0
CUST-ddb9132e96,ring_reseller,RING-8b3189a6ee,1,0
CUST-6dbb6941f3,ring_reseller,RING-8b3189a6ee,1,0
CUST-25165354cc,ring_reseller,RING-ef3cb6ac29,1,0
CUST-8fd5601e06,ring_reseller,RING-ef3cb6ac29,1,0
CUST-303b779c2c,ring_reseller,RING-ef3cb6ac29,1,0
CUST-beaaf3c759,ring_reseller,RING-ef3cb6ac29,1,0
CUST-3fa190ba36,ring_reseller,RING-ef3cb6ac29,1,0
CUST-2bc4d0130e,ring_reseller,RING-ef3cb6ac29,1,0
CUST-6a3c81fc41,ring_reseller,RING-554e45c254,1,0
CUST-dd95d06a6a,ring_reseller,RING-554e45c254,1,0
CUST-93282781d9,ring_reseller,RING-0c672cb355,1,0
CUST-b366167247,ring_reseller,RING-0c672cb355,1,0
CUST-f16f9f2dc0,ring_reseller,RING-0c672cb355,1,0
CUST-02a970f49a,ring_reseller,RING-874ae6e6dc,1,0
CUST-1b4ebe84d2,ring_reseller,RING-874ae6e6dc,1,0
CUST-e159702b5e,ring_reseller,RING-2bf2cc8dab,1,0
CUST-fbacf3709f,ring_reseller,RING-2bf2cc8dab,1,0
CUST-b74cd74bf4,ring_reseller,RING-2bf2cc8dab,1,0
CUST-aaa978318c,ring_reseller,RING-2bf2cc8dab,1,0
CUST-11b9165a57,ring_reseller,RING-525b804c2e,1,0
CUST-8ecba2345c,ring_reseller,RING-525b804c2e,1,0
CUST-4da6bfbf06,ring_reseller,RING-525b804c2e,1,0
CUST-52cf58823f,ring_reseller,RING-525b804c2e,1,0
CUST-2c31c73623,ring_reseller,RING-525b804c2e,1,0
CUST-ecda40cac2,ring_reseller,RING-ffee64f23e,1,0
CUST-3b585cbb36,ring_reseller,RING-ffee64f23e,1,0
CUST-0520160b46,ring_reseller,RING-ffee64f23e,1,0
CUST-5a7eac750d,ring_reseller,RING-ffee64f23e,1,0
CUST-a2c2c7afa1,ring_reseller,RING-22ce79e986,1,0
CUST-1ea5193877,ring_reseller,RING-22ce79e986,1,0
CUST-e46dcd3490,ring_reseller,RING-22ce79e986,1,0
CUST-fd502c7cc2,ring_reseller,RING-22ce79e986,1,0
CUST-3e13e78329,ring_reseller,RING-ccd44d24cf,1,0
CUST-a015137e94,ring_reseller,RING-ccd44d24cf,1,0
CUST-8e823724e9,ring_reseller,RING-ccd44d24cf,1,0
CUST-43c44db43e,ring_reseller,RING-a6950921ce,1,0
CUST-78f5352ee5,ring_reseller,RING-a6950921ce,1,0
CUST-a770bad726,ring_reseller,RING-a6950921ce,1,0
CUST-6cfb037a3e,ring_reseller,RING-a6950921ce,1,0
CUST-e0456dced9,ring_reseller,RING-a6950921ce,1,0
CUST-3eeb1b75ca,ring_reseller,RING-a6950921ce,1,0
CUST-6301c698cf,ring_reseller,RING-fe93062a87,1,0
CUST-ee1e4a6e65,ring_reseller,RING-fe93062a87,1,0
CUST-9b9e0b7852,ring_reseller,RING-fe93062a87,1,0
CUST-3554a110e1,ring_reseller,RING-caafe3fd93,1,0
CUST-1d26eb0a41,ring_reseller,RING-caafe3fd93,1,0
CUST-8ba72cfc1c,ring_reseller,RING-caafe3fd93,1,0
CUST-9c3c4c1b85,ring_reseller,RING-caafe3fd93,1,0
CUST-04e292f719,ring_reseller,RING-caafe3fd93,1,0
CUST-49154d60d8,ring_reseller,RING-df400c682a,1,0
CUST-db18bc7ab8,ring_reseller,RING-df400c682a,1,0
CUST-0f6f25236f,ring_reseller,RING-df400c682a,1,0
CUST-d79f88c7e0,ring_reseller,RING-df400c682a,1,0
CUST-f573b9c80d,ring_reseller,RING-df400c682a,1,0
CUST-38e0571df7,ring_reseller,RING-a7fc5078b0,1,0
CUST-8f35736e4e,ring_reseller,RING-a7fc5078b0,1,0
